Sequence,Station Types,Station Quantity,Maximum Distance,Minimum Points,Name,Algorithm,Metric,Method,Seed,Generated Cluster Count,Valid Cluster Count,Clustered Station Count,Unclsutered Noise Count,Average Node Degree,Invalid Degree Mean Absolute Error,Silhouette Coefficient,Calinski Harabaz score,Davies Bouldin score,Dunn Index,Modularity,Conductance Average,Coverage Score,Performance Score
0,['HN' 'LN'],284,10.0,2,DBSCAN,auto,haversine,None,None,18,18,131,153,11.8473282443,0.0,-0.112952005982,6.08724372174,2.21441226869,0.00726937971574,0.546341933255,0.0,1.0,0.972627283133
1,['HN' 'LN'],284,20.0,2,DBSCAN,auto,haversine,None,None,26,26,194,90,17.0618556701,0.0,-0.00730616950131,8.08287485283,3.76256426884,0.0139526788149,0.522896286087,0.0,1.0,0.957622057433
2,['HN' 'LN'],284,30.0,2,DBSCAN,auto,haversine,None,None,32,32,234,50,17.5555555556,0.0,0.0259431731472,14.0449408908,3.10103149727,0.0199508143063,0.548906875605,0.0,1.0,0.943786393271
3,['HN' 'LN'],284,40.0,2,DBSCAN,auto,haversine,None,None,17,17,267,17,18.6292134831,0.0,-0.337785008251,51.851084057,1.15196507394,0.0306895239066,0.518547189252,0.0,1.0,0.779151943463
4,['HN' 'LN'],284,50.0,2,DBSCAN,auto,haversine,None,None,10,10,274,10,21.795620438,0.0,-0.25910355685,13.3565089032,1.48384648508,0.0366939104275,0.0291817272747,0.0,1.0,0.347160702732
5,['HN' 'LN'],284,10.0,3,DBSCAN,auto,haversine,None,None,9,9,113,171,13.5752212389,0.0,-0.115505142462,9.7263490944,2.94477393244,0.00726937971574,0.534751468009,0.0,0.988402061856,0.972403324541
6,['HN' 'LN'],284,20.0,3,DBSCAN,auto,haversine,None,None,14,14,170,114,19.3294117647,7.0,-0.0396437001555,11.0996405676,3.73338702543,0.0135095960047,0.515647721361,0.0,0.992749244713,0.957323445976
7,['HN' 'LN'],284,30.0,3,DBSCAN,auto,haversine,None,None,15,15,200,84,20.37,8.0,0.00576046142318,14.9435827979,4.24707026698,0.0193597402944,0.540632356748,0.0,0.991723466407,0.943363360374
8,['HN' 'LN'],284,40.0,3,DBSCAN,auto,haversine,None,None,11,11,255,29,19.4588235294,5.0,-0.0863329470687,41.9076362912,1.54200030834,0.0276379775426,0.516135129048,0.0,0.997587454765,0.779002637735
9,['HN' 'LN'],284,50.0,3,DBSCAN,auto,haversine,None,None,7,7,268,16,22.2611940299,6.0,-0.0617082507392,15.31237702,2.01760391134,0.0366939104275,0.0281772069614,0.0,0.998995311453,0.347086049868
10,['HN' 'LN'],284,10.0,4,DBSCAN,auto,haversine,None,None,5,5,99,185,15.2424242424,0.0,-0.00738834152714,15.3187890858,1.20087845937,0.00521284207024,0.520204226007,0.000308023646359,0.971649484536,0.97446872045
11,['HN' 'LN'],284,20.0,4,DBSCAN,auto,haversine,None,None,9,9,148,136,22.0,10.1111111111,-0.0489932121855,13.9217157909,5.67599897463,0.0126053491609,0.505605461798,0.0401903591935,0.98247734139,0.959115114717
12,['HN' 'LN'],284,30.0,4,DBSCAN,auto,haversine,None,None,9,9,177,107,22.8079096045,6.08333333333,0.0110731335962,17.179235367,3.76120327872,0.0198497365103,0.531398586746,0.00832125126313,0.98247322298,0.94341312895
13,['HN' 'LN'],284,40.0,4,DBSCAN,auto,haversine,None,None,7,7,229,55,21.4934497817,8.62121212121,-0.0872454365178,33.2310564738,2.35063848745,0.0212754787679,0.511662171236,0.0398031006385,0.988339364696,0.812870153785
14,['HN' 'LN'],284,50.0,4,DBSCAN,auto,haversine,None,None,5,4,255,29,23.3294117647,8.54166666667,0.0524526733601,13.5429982308,2.23266435368,0.0334721252948,0.0268079010376,0.00943553116439,0.995646349632,0.370576817797
15,['HN' 'LN'],284,10.0,5,DBSCAN,auto,haversine,None,None,5,5,99,185,15.2424242424,0.0,-0.00738834152714,15.3187890858,1.20087845937,0.00521284207024,0.520204226007,0.000308023646359,0.971649484536,0.97446872045
16,['HN' 'LN'],284,20.0,5,DBSCAN,auto,haversine,None,None,5,5,125,159,25.6,8.93333333333,0.024155641466,20.2564118471,1.27375004652,0.0113693750381,0.491172588786,0.00113273443326,0.965558912387,0.967003434032
17,['HN' 'LN'],284,30.0,5,DBSCAN,auto,haversine,None,None,9,9,173,111,23.3005780347,12.0825396825,0.00954695314171,16.5345668825,3.86075061643,0.0132862859634,0.530044091895,0.0170484461122,0.980038948393,0.946299706365
18,['HN' 'LN'],284,40.0,5,DBSCAN,auto,haversine,None,None,9,9,225,59,21.8488888889,18.5352564103,-0.0231483173403,29.0854573164,2.01232120478,0.0166121042648,0.533518485914,0.0584511824528,0.984720546844,0.874558303887
19,['HN' 'LN'],284,50.0,5,DBSCAN,auto,haversine,None,None,4,4,243,41,24.353909465,9.5,0.0581587274841,31.4895807324,2.1959485959,0.0204744830342,0.0526591721402,0.0869908108054,0.988613529806,0.517095505898
20,['HN' 'LN'],284,10.0,2,HDBSCAN,best,haversine,eom,None,57,57,257,27,6.03891050584,0.0,0.137823820703,45.9246097962,1.46108867929,0.00880468225971,0.546341933255,0.0,1.0,0.966928781168
21,['HN' 'LN'],284,20.0,2,HDBSCAN,best,haversine,eom,None,47,47,269,15,12.3048327138,0.0,0.124606078728,85.9815052395,1.75572680717,0.0163628404251,0.522896286087,0.0,1.0,0.954163141393
22,['HN' 'LN'],284,30.0,2,HDBSCAN,best,haversine,eom,None,41,41,274,10,14.9927007299,0.0,0.072564891245,102.208292977,1.69874147894,0.0233970834688,0.548906875605,0.0,1.0,0.940203055791
23,['HN' 'LN'],284,40.0,2,HDBSCAN,best,haversine,eom,None,19,19,275,9,18.0872727273,0.0,-0.316479739182,82.833310516,0.998922502749,0.0334751547009,0.518547189252,0.0,1.0,0.778853332006
24,['HN' 'LN'],284,50.0,2,HDBSCAN,best,haversine,eom,None,11,11,279,5,21.4050179211,0.0,-0.21919908642,16.3644551129,2.64924947447,0.0403131793563,0.0291817272747,0.0,1.0,0.340840093565
25,['HN' 'LN'],284,10.0,3,HDBSCAN,best,haversine,eom,None,22,22,204,80,7.58333333333,4.0,0.0332819554441,25.2591831445,1.38126288932,0.00536643352532,0.54149368291,0.0,0.996134020619,0.962773105061
26,['HN' 'LN'],284,20.0,3,HDBSCAN,best,haversine,eom,None,21,21,235,49,14.0425531915,7.0,0.0621301184894,31.9150940241,2.57559340747,0.0113693750381,0.517328428912,0.0,0.995770392749,0.935873189668
27,['HN' 'LN'],284,30.0,3,HDBSCAN,best,haversine,eom,None,20,20,237,47,17.2447257384,10.0,0.0761204932964,34.1330808899,2.75204467946,0.0118082603092,0.540686043524,0.0,0.991723466407,0.937615089832
28,['HN' 'LN'],284,40.0,3,HDBSCAN,best,haversine,eom,None,11,11,257,27,19.2918287938,5.0,-0.0887855388922,56.4408484677,1.8629464098,0.0109540497728,0.514449241403,0.0351894692787,0.99517490953,0.78778679142
29,['HN' 'LN'],284,50.0,3,HDBSCAN,best,haversine,eom,None,6,6,266,18,22.4172932331,5.0,-0.0272047279892,18.3067068647,2.11985861333,0.0251535722415,0.0278188142118,0.0373965993654,0.997655726725,0.364032250037
30,['HN' 'LN'],284,10.0,4,HDBSCAN,best,haversine,eom,None,15,15,181,103,8.55248618785,9.0,0.00143642721211,15.5456831468,2.23225907757,0.0083764852771,0.540512242268,0.0,0.996134020619,0.957895784602
31,['HN' 'LN'],284,20.0,4,HDBSCAN,best,haversine,eom,None,14,14,191,93,17.167539267,14.3777777778,0.0307278610321,17.6997038455,2.9143985239,0.00839146361412,0.507955020491,0.0,0.985498489426,0.957870900314
32,['HN' 'LN'],284,30.0,4,HDBSCAN,best,haversine,eom,None,13,13,206,78,19.713592233,11.85,0.0426809714564,20.6825028541,16.740112561,0.0118082603092,0.533820061836,0.0406821681953,0.985394352483,0.936918329767
33,['HN' 'LN'],284,40.0,4,HDBSCAN,best,haversine,eom,None,8,8,229,55,21.4672489083,10.8118022329,-0.0912483562018,32.6500676946,2.01701594393,0.0100294643704,0.508521513317,0.125860848037,0.983916365099,0.818618424327
34,['HN' 'LN'],284,50.0,4,HDBSCAN,best,haversine,eom,None,3,3,268,16,22.2201492537,5.05442176871,-0.0186170219538,13.2273711177,3.33679248154,0.011988894726,0.0212074745777,0.0377864436433,0.996316141996,0.272930871448
35,['HN' 'LN'],284,10.0,5,HDBSCAN,best,haversine,eom,None,12,12,186,98,8.31182795699,14.8,-0.0125750614824,22.7636399709,2.32474404138,0.00536643352532,0.538754450526,0.0833333333333,0.994845360825,0.953118001294
36,['HN' 'LN'],284,20.0,5,HDBSCAN,best,haversine,eom,None,11,11,199,85,16.472361809,24.1,0.0420771924296,27.2173516341,3.45291805222,0.00471013065155,0.507682295707,0.0676599112576,0.985498489426,0.951674712586
37,['HN' 'LN'],284,30.0,5,HDBSCAN,best,haversine,eom,None,10,10,206,78,19.6747572816,14.9238095238,0.0522509333231,31.0227235528,3.77486953029,0.00894060270234,0.532651752251,0.0585895309717,0.982960077897,0.939108147116
38,['HN' 'LN'],284,40.0,5,HDBSCAN,best,haversine,eom,None,7,7,216,68,22.6342592593,13.5197368421,0.00417418742542,44.6689304657,1.43323103736,0.00659571318946,0.530152288482,0.098509730264,0.976678729393,0.894465734335
39,['HN' 'LN'],284,50.0,5,HDBSCAN,best,haversine,eom,None,4,4,229,55,25.6812227074,9.88888888889,0.0843477336346,27.1246592313,2.31715044907,0.0100294643704,0.0523671754188,0.110152786759,0.979571332887,0.572786542577
40,['HN' 'LN'],284,10.0,2,HDBSCAN,best,haversine,leaf,None,59,59,254,30,6.11023622047,0.0,0.125749593353,32.9813665039,1.81354999481,0.00880468225971,0.546341933255,0.0,1.0,0.967451351217
41,['HN' 'LN'],284,20.0,2,HDBSCAN,best,haversine,leaf,None,48,48,267,17,12.3970037453,0.0,0.120785951773,66.2358118481,1.55469005159,0.0163628404251,0.522896286087,0.0,1.0,0.954486637137
42,['HN' 'LN'],284,30.0,2,HDBSCAN,best,haversine,leaf,None,41,41,274,10,14.9927007299,0.0,0.072564891245,102.208292977,1.69874147894,0.0233970834688,0.548906875605,0.0,1.0,0.940203055791
43,['HN' 'LN'],284,40.0,2,HDBSCAN,best,haversine,leaf,None,19,19,275,9,18.0872727273,0.0,-0.316479739182,82.833310516,0.998922502749,0.0334751547009,0.518547189252,0.0,1.0,0.778853332006
44,['HN' 'LN'],284,50.0,2,HDBSCAN,best,haversine,leaf,None,11,11,279,5,21.4050179211,0.0,-0.21919908642,16.3644551129,2.64924947447,0.0403131793563,0.0291817272747,0.0,1.0,0.340840093565
45,['HN' 'LN'],284,10.0,3,HDBSCAN,best,haversine,leaf,None,23,23,199,85,7.77386934673,4.0,0.0303211102451,24.0205680009,1.35818455373,0.00536643352532,0.541497004198,0.0,0.996134020619,0.964415468073
46,['HN' 'LN'],284,20.0,3,HDBSCAN,best,haversine,leaf,None,22,22,230,54,14.3347826087,8.0,0.0588872768785,30.233795178,2.76272348583,0.0113693750381,0.516134208341,0.0,0.994561933535,0.937416015528
47,['HN' 'LN'],284,30.0,3,HDBSCAN,best,haversine,leaf,None,20,20,237,47,17.2447257384,10.0,0.0761204932964,34.1330808899,2.75204467946,0.0118082603092,0.540686043524,0.0,0.991723466407,0.937615089832
48,['HN' 'LN'],284,40.0,3,HDBSCAN,best,haversine,leaf,None,11,11,257,27,19.2918287938,5.0,-0.0887855388922,56.4408484677,1.8629464098,0.0109540497728,0.514449241403,0.0351894692787,0.99517490953,0.78778679142
49,['HN' 'LN'],284,50.0,3,HDBSCAN,best,haversine,leaf,None,6,6,266,18,22.4172932331,5.0,-0.0272047279892,18.3067068647,2.11985861333,0.0251535722415,0.0278188142118,0.0373965993654,0.997655726725,0.364032250037
50,['HN' 'LN'],284,10.0,4,HDBSCAN,best,haversine,leaf,None,15,15,181,103,8.55248618785,9.0,0.00143642721211,15.5456831468,2.23225907757,0.0083764852771,0.540512242268,0.0,0.996134020619,0.957895784602
51,['HN' 'LN'],284,20.0,4,HDBSCAN,best,haversine,leaf,None,14,14,191,93,17.167539267,14.3777777778,0.0307278610321,17.6997038455,2.9143985239,0.00839146361412,0.507955020491,0.0,0.985498489426,0.957870900314
52,['HN' 'LN'],284,30.0,4,HDBSCAN,best,haversine,leaf,None,13,13,206,78,19.713592233,11.85,0.0426809714564,20.6825028541,16.740112561,0.0118082603092,0.533820061836,0.0406821681953,0.985394352483,0.936918329767
53,['HN' 'LN'],284,40.0,4,HDBSCAN,best,haversine,leaf,None,8,8,229,55,21.4672489083,10.8118022329,-0.0912483562018,32.6500676946,2.01701594393,0.0100294643704,0.508521513317,0.125860848037,0.983916365099,0.818618424327
54,['HN' 'LN'],284,50.0,4,HDBSCAN,best,haversine,leaf,None,3,3,268,16,22.2201492537,5.05442176871,-0.0186170219538,13.2273711177,3.33679248154,0.011988894726,0.0212074745777,0.0377864436433,0.996316141996,0.272930871448
55,['HN' 'LN'],284,10.0,5,HDBSCAN,best,haversine,leaf,None,12,12,186,98,8.31182795699,14.8,-0.0125750614824,22.7636399709,2.32474404138,0.00536643352532,0.538754450526,0.0833333333333,0.994845360825,0.953118001294
56,['HN' 'LN'],284,20.0,5,HDBSCAN,best,haversine,leaf,None,11,11,199,85,16.472361809,24.1,0.0420771924296,27.2173516341,3.45291805222,0.00471013065155,0.507682295707,0.0676599112576,0.985498489426,0.951674712586
57,['HN' 'LN'],284,30.0,5,HDBSCAN,best,haversine,leaf,None,10,10,206,78,19.6747572816,14.9238095238,0.0522509333231,31.0227235528,3.77486953029,0.00894060270234,0.532651752251,0.0585895309717,0.982960077897,0.939108147116
58,['HN' 'LN'],284,40.0,5,HDBSCAN,best,haversine,leaf,None,7,7,216,68,22.6342592593,13.5197368421,0.00417418742542,44.6689304657,1.43323103736,0.00659571318946,0.530152288482,0.098509730264,0.976678729393,0.894465734335
59,['HN' 'LN'],284,50.0,5,HDBSCAN,best,haversine,leaf,None,4,4,229,55,25.6812227074,9.88888888889,0.0843477336346,27.1246592313,2.31715044907,0.0100294643704,0.0523671754188,0.110152786759,0.979571332887,0.572786542577
60,['HN' 'LN'],284,10.0,2,OPTICS,auto,haversine,xi,None,38,38,101,183,11.1287128713,0.0,-0.292057134804,2.10617113926,1.73440099146,0.000393752782259,0.0947480470826,0.586952364017,0.127577319588,0.983103568407
61,['HN' 'LN'],284,20.0,2,OPTICS,auto,haversine,xi,None,56,56,149,135,16.0,0.0,-0.15661807355,2.40824543417,2.60691392768,0.000406666942625,0.0524863774518,0.541722415605,0.0827794561934,0.961877270691
62,['HN' 'LN'],284,30.0,2,OPTICS,auto,haversine,xi,None,66,66,178,106,16.1853932584,0.0,-0.0778328528891,3.72677159975,2.28796810074,0.000406666942625,0.0581311644982,0.552175472545,0.0827653359299,0.952645199821
63,['HN' 'LN'],284,40.0,2,OPTICS,auto,haversine,xi,None,72,72,202,82,17.1435643564,0.0,-0.0489718425838,6.99426143955,2.14928262691,0.000430020926583,0.059642671041,0.670322765308,0.0800160836349,0.9422684517
64,['HN' 'LN'],284,50.0,2,OPTICS,auto,haversine,xi,None,72,72,205,79,20.0634146341,0.0,-0.0477587117842,7.87694282011,2.14032655788,0.000430020926583,0.0560754272338,0.758607200879,0.0736771600804,0.930697257751
65,['HN' 'LN'],284,10.0,3,OPTICS,auto,haversine,xi,None,16,16,70,214,12.6857142857,0.0,-0.36335868041,3.9545021933,1.87248587358,0.000244734071176,0.136131297162,0.562914787193,0.176546391753,0.984049171353
66,['HN' 'LN'],284,20.0,3,OPTICS,auto,haversine,xi,None,20,20,108,176,21.8518518519,3.0,-0.26337016148,4.68036803025,2.37788229288,0.000244734071176,0.120966584825,0.500988499569,0.183081570997,0.965560145324
67,['HN' 'LN'],284,30.0,3,OPTICS,auto,haversine,xi,None,27,27,138,146,19.9927536232,10.0,-0.192922320339,5.94230668861,1.83125984518,0.000244734071176,0.117841289089,0.44310506672,0.169425511198,0.956303190166
68,['HN' 'LN'],284,40.0,3,OPTICS,auto,haversine,xi,None,31,31,162,122,19.3271604938,10.0,-0.135901412619,10.5595702389,1.51364128898,0.000244734071176,0.117176992254,0.489598638221,0.160434258142,0.94637435923
69,['HN' 'LN'],284,50.0,3,OPTICS,auto,haversine,xi,None,32,32,172,112,20.6976744186,13.0,-0.119780015653,13.8031534958,1.46551462923,0.000244734071176,0.110195311992,0.552102961725,0.147019423979,0.935052008162
70,['HN' 'LN'],284,10.0,4,OPTICS,auto,haversine,xi,None,8,8,51,233,13.8235294118,0.0,-0.338274302093,6.95838839629,1.3536073112,0.000566287424054,0.160345978584,0.508846496663,0.216494845361,0.984795699995
71,['HN' 'LN'],284,20.0,4,OPTICS,auto,haversine,xi,None,11,11,66,218,21.1666666667,4.0,-0.372198474746,6.06084113689,2.2537482752,0.000566287424054,0.0804063489745,0.454469831323,0.120241691843,0.963644055144
72,['HN' 'LN'],284,30.0,4,OPTICS,auto,haversine,xi,None,13,13,81,203,20.2098765432,4.33333333333,-0.349157242457,6.71760411299,2.3990457519,0.000566287424054,0.0795774317384,0.444166245831,0.112950340798,0.954163141393
73,['HN' 'LN'],284,40.0,4,OPTICS,auto,haversine,xi,None,16,16,101,183,18.9207920792,7.8,-0.311545705984,8.03705470185,1.94998908594,0.000566287424054,0.0797183553109,0.520331355891,0.108162444713,0.943537550391
74,['HN' 'LN'],284,50.0,4,OPTICS,auto,haversine,xi,None,19,19,118,166,20.0762711864,16.6666666667,-0.274348179184,11.0375291211,1.51854987194,0.000566287424054,0.0783722116472,0.575489386552,0.104152712659,0.932115662171
75,['HN' 'LN'],284,10.0,5,OPTICS,auto,haversine,xi,None,7,7,65,219,17.1230769231,0.0,-0.271571010343,8.60655008917,1.28477834989,0.000244734071176,0.316326954246,0.366664758347,0.476804123711,0.98922510327
76,['HN' 'LN'],284,20.0,5,OPTICS,auto,haversine,xi,None,8,8,73,211,27.6301369863,6.66666666667,-0.259596102402,8.60099433846,1.29702794968,0.000244734071176,0.126213159792,0.460668407393,0.250151057402,0.968894639924
77,['HN' 'LN'],284,30.0,5,OPTICS,auto,haversine,xi,None,12,12,99,185,23.8080808081,11.8,-0.261523601296,7.54750947956,1.82676716929,0.000244734071176,0.133160627043,0.395673611226,0.230282375852,0.959886527646
78,['HN' 'LN'],284,40.0,5,OPTICS,auto,haversine,xi,None,14,14,125,159,21.696,17.5833333333,-0.214328890057,9.79479271586,2.24327796516,0.000244734071176,0.14080011395,0.425736639275,0.217531162043,0.949260936645
79,['HN' 'LN'],284,50.0,5,OPTICS,auto,haversine,xi,None,14,14,137,147,22.9927007299,17.9166666667,-0.192054600665,12.5466630353,2.14957063956,0.000244734071176,0.137724484747,0.512216341787,0.197253851306,0.936893445479
80,['HN' 'LN'],284,10.0,2,OPTICS,auto,haversine,dbscan,None,18,18,131,153,11.8473282443,0.0,-0.112952005982,6.08724372174,2.21441226869,0.00726937971574,0.546341933255,0.0,1.0,0.972627283133
81,['HN' 'LN'],284,20.0,2,OPTICS,auto,haversine,dbscan,None,26,26,194,90,17.0618556701,0.0,-0.00730616950131,8.08287485283,3.76256426884,0.0139526788149,0.522896286087,0.0,1.0,0.957622057433
82,['HN' 'LN'],284,30.0,2,OPTICS,auto,haversine,dbscan,None,32,32,234,50,17.5555555556,0.0,0.0259431731472,14.0449408908,3.10103149727,0.0199508143063,0.548906875605,0.0,1.0,0.943786393271
83,['HN' 'LN'],284,40.0,2,OPTICS,auto,haversine,dbscan,None,17,17,267,17,18.6292134831,0.0,-0.337785008251,51.851084057,1.15196507394,0.0306895239066,0.518547189252,0.0,1.0,0.779151943463
84,['HN' 'LN'],284,50.0,2,OPTICS,auto,haversine,dbscan,None,10,10,274,10,21.795620438,0.0,-0.25910355685,13.3565089032,1.48384648508,0.0366939104275,0.0291817272747,0.0,1.0,0.347160702732
85,['HN' 'LN'],284,10.0,3,OPTICS,auto,haversine,dbscan,None,9,8,110,174,13.9272727273,0.0,-0.129036976109,9.55714492039,2.7935754427,0.00536643352532,0.532178300032,0.0,0.985824742268,0.972378440253
86,['HN' 'LN'],284,20.0,3,OPTICS,auto,haversine,dbscan,None,14,11,159,125,20.6226415094,5.0,-0.0879137071576,10.5240236234,3.63543901136,0.00407468111748,0.511423407965,0.0281872433378,0.988519637462,0.957373214552
87,['HN' 'LN'],284,30.0,3,OPTICS,auto,haversine,dbscan,None,15,15,199,85,20.4673366834,8.0,-0.000156458389779,14.8504333567,3.91221981454,0.0168883069284,0.5401460944,0.0158771042222,0.99123661149,0.943388244662
88,['HN' 'LN'],284,40.0,3,OPTICS,auto,haversine,dbscan,None,11,10,250,34,19.836,5.0,-0.0953214350372,38.4930946673,1.52953045039,0.0214173311465,0.514930715717,0.0281549738871,0.996381182147,0.779102174887
89,['HN' 'LN'],284,50.0,3,OPTICS,auto,haversine,dbscan,None,7,6,265,19,22.5094339623,6.0,-0.0472331510949,13.9889638566,2.05752244494,0.0366939104275,0.0278424790124,0.0,0.998660415271,0.347086049868
90,['HN' 'LN'],284,10.0,4,OPTICS,auto,haversine,dbscan,None,5,5,99,185,15.2424242424,0.0,-0.00738834152714,15.3187890858,1.20087845937,0.00521284207024,0.520204226007,0.000308023646359,0.971649484536,0.97446872045
91,['HN' 'LN'],284,20.0,4,OPTICS,auto,haversine,dbscan,None,9,7,136,148,23.8308823529,8.11111111111,-0.0791521416899,12.935595129,8.25538658886,0.0105738345042,0.500622666825,0.000841491074557,0.976435045317,0.963420096551
92,['HN' 'LN'],284,30.0,4,OPTICS,auto,haversine,dbscan,None,9,9,176,108,22.9261363636,6.08333333333,0.00684963863586,16.9863147582,3.62018447073,0.0187887398955,0.530916709411,0.00845999475296,0.981986368062,0.943487781815
93,['HN' 'LN'],284,40.0,4,OPTICS,auto,haversine,dbscan,None,7,6,221,63,22.2262443439,5.45454545455,-0.112176267196,27.9093334728,2.00534941347,0.0129757650585,0.508051437236,0.0846407506701,0.984720546844,0.812994575225
94,['HN' 'LN'],284,50.0,4,OPTICS,auto,haversine,dbscan,None,5,2,246,38,24.1504065041,7.375,0.0485556833409,11.0624120678,2.12584684177,0.0239044265516,0.0244708057113,0.0728697689466,0.993302076356,0.370626586373
95,['HN' 'LN'],284,10.0,5,OPTICS,auto,haversine,dbscan,None,5,5,99,185,15.2424242424,0.0,-0.00738834152714,15.3187890858,1.20087845937,0.00521284207024,0.520204226007,0.000308023646359,0.971649484536,0.97446872045
96,['HN' 'LN'],284,20.0,5,OPTICS,auto,haversine,dbscan,None,5,5,123,161,25.9918699187,8.93333333333,0.0161541210981,19.9493173459,1.26645035278,0.0113693750381,0.49058770913,0.00151228875829,0.964350453172,0.969666052854
97,['HN' 'LN'],284,30.0,5,OPTICS,auto,haversine,dbscan,None,9,8,166,118,24.2168674699,13.0825396825,-0.00188458654106,15.9320207124,4.29260260516,0.0124103921713,0.525684796758,0.0297165270244,0.975657254138,0.946299706365
98,['HN' 'LN'],284,40.0,5,OPTICS,auto,haversine,dbscan,None,9,7,213,71,23.014084507,13.3435897436,-0.056341970805,24.5724042312,1.79474571689,0.0129757650585,0.529113028278,0.0593566078332,0.980297547246,0.874832031056
99,['HN' 'LN'],284,50.0,5,OPTICS,auto,haversine,dbscan,None,4,4,241,43,24.5394190871,6.5,0.0533943253544,29.0433501801,2.23052308276,0.0204744830342,0.0513306908013,0.126457974351,0.987273945077,0.51744388593
100,['HN' 'LN'],284,10.0,2,AFFINITYPROPAGATION,None,precomputed,None,None,2,2,284,0,5.46478873239,0.0,0.0865394597763,424.300907538,0.669358721555,0.0114336295398,0.478743755978,0.0,1.0,0.520853033395
101,['HN' 'LN'],284,20.0,2,AFFINITYPROPAGATION,None,precomputed,None,None,2,2,284,0,11.6549295775,0.0,0.0865394597763,424.300907538,0.669358721555,0.0114336295398,0.464747674811,0.00441438413977,0.998187311178,0.542577016872
102,['HN' 'LN'],284,30.0,2,AFFINITYPROPAGATION,None,precomputed,None,None,2,2,284,0,14.4647887324,0.0,0.0865394597763,424.300907538,0.669358721555,0.0114336295398,0.480758564522,0.00359594446151,0.998052580331,0.552456079232
103,['HN' 'LN'],284,40.0,2,AFFINITYPROPAGATION,None,precomputed,None,None,2,2,284,0,17.514084507,0.0,0.0865394597763,424.300907538,0.669358721555,0.0114336295398,0.488075507719,0.0116208557686,0.993968636912,0.562683521624
104,['HN' 'LN'],284,50.0,2,AFFINITYPROPAGATION,None,precomputed,None,None,2,2,284,0,21.0281690141,0.0,0.0865394597763,424.300907538,0.669358721555,0.0114336295398,0.490298553329,0.0131134428404,0.992632283992,0.574752401334
105,['HN' 'LN'],284,10.0,3,AFFINITYPROPAGATION,None,precomputed,None,None,2,2,284,0,5.46478873239,2.0,0.0865394597763,424.300907538,0.669358721555,0.0114336295398,0.478743755978,0.0,1.0,0.520853033395
106,['HN' 'LN'],284,20.0,3,AFFINITYPROPAGATION,None,precomputed,None,None,2,2,284,0,11.6549295775,2.0,0.0865394597763,424.300907538,0.669358721555,0.0114336295398,0.464747674811,0.00441438413977,0.998187311178,0.542577016872
107,['HN' 'LN'],284,30.0,3,AFFINITYPROPAGATION,None,precomputed,None,None,2,2,284,0,14.4647887324,2.0,0.0865394597763,424.300907538,0.669358721555,0.0114336295398,0.480758564522,0.00359594446151,0.998052580331,0.552456079232
108,['HN' 'LN'],284,40.0,3,AFFINITYPROPAGATION,None,precomputed,None,None,2,2,284,0,17.514084507,2.0,0.0865394597763,424.300907538,0.669358721555,0.0114336295398,0.488075507719,0.0116208557686,0.993968636912,0.562683521624
109,['HN' 'LN'],284,50.0,3,AFFINITYPROPAGATION,None,precomputed,None,None,2,2,284,0,21.0281690141,2.0,0.0865394597763,424.300907538,0.669358721555,0.0114336295398,0.490298553329,0.0131134428404,0.992632283992,0.574752401334
110,['HN' 'LN'],284,10.0,4,AFFINITYPROPAGATION,None,precomputed,None,None,2,2,284,0,5.46478873239,2.62745098039,0.0865394597763,424.300907538,0.669358721555,0.0114336295398,0.478743755978,0.0,1.0,0.520853033395
111,['HN' 'LN'],284,20.0,4,AFFINITYPROPAGATION,None,precomputed,None,None,2,2,284,0,11.6549295775,3.2619047619,0.0865394597763,424.300907538,0.669358721555,0.0114336295398,0.464747674811,0.00441438413977,0.998187311178,0.542577016872
112,['HN' 'LN'],284,30.0,4,AFFINITYPROPAGATION,None,precomputed,None,None,2,2,284,0,14.4647887324,3.51029748284,0.0865394597763,424.300907538,0.669358721555,0.0114336295398,0.480758564522,0.00359594446151,0.998052580331,0.552456079232
113,['HN' 'LN'],284,40.0,4,AFFINITYPROPAGATION,None,precomputed,None,None,2,2,284,0,17.514084507,3.38235294118,0.0865394597763,424.300907538,0.669358721555,0.0114336295398,0.488075507719,0.0116208557686,0.993968636912,0.562683521624
114,['HN' 'LN'],284,50.0,4,AFFINITYPROPAGATION,None,precomputed,None,None,2,2,284,0,21.0281690141,2.98303571429,0.0865394597763,424.300907538,0.669358721555,0.0114336295398,0.490298553329,0.0131134428404,0.992632283992,0.574752401334
115,['HN' 'LN'],284,10.0,5,AFFINITYPROPAGATION,None,precomputed,None,None,2,2,284,0,5.46478873239,3.92307692308,0.0865394597763,424.300907538,0.669358721555,0.0114336295398,0.478743755978,0.0,1.0,0.520853033395
116,['HN' 'LN'],284,20.0,5,AFFINITYPROPAGATION,None,precomputed,None,None,2,2,284,0,11.6549295775,5.0115942029,0.0865394597763,424.300907538,0.669358721555,0.0114336295398,0.464747674811,0.00441438413977,0.998187311178,0.542577016872
117,['HN' 'LN'],284,30.0,5,AFFINITYPROPAGATION,None,precomputed,None,None,2,2,284,0,14.4647887324,4.69494949495,0.0865394597763,424.300907538,0.669358721555,0.0114336295398,0.480758564522,0.00359594446151,0.998052580331,0.552456079232
118,['HN' 'LN'],284,40.0,5,AFFINITYPROPAGATION,None,precomputed,None,None,2,2,284,0,17.514084507,4.84798534799,0.0865394597763,424.300907538,0.669358721555,0.0114336295398,0.488075507719,0.0116208557686,0.993968636912,0.562683521624
119,['HN' 'LN'],284,50.0,5,AFFINITYPROPAGATION,None,precomputed,None,None,2,2,284,0,21.0281690141,4.38095238095,0.0865394597763,424.300907538,0.669358721555,0.0114336295398,0.490298553329,0.0131134428404,0.992632283992,0.574752401334
120,['HN' 'LN'],284,10.0,2,BIRCH,None,haversine,None,None,160,36,160,124,9.7,0.0,0.108315601713,3435.7965503,0.183051982642,0.0845188814269,0.447319388352,0.0,0.769329896907,0.983476832728
121,['HN' 'LN'],284,20.0,2,BIRCH,None,haversine,None,None,96,55,243,41,13.621399177,0.0,0.152527331077,1480.62975014,0.426931102113,0.0520842095549,0.486048137567,0.0,0.920241691843,0.989822326183
122,['HN' 'LN'],284,30.0,2,BIRCH,None,haversine,None,None,66,52,270,14,15.2148148148,0.0,0.129593444062,1100.40055769,0.572036524862,0.120117450932,0.537828792989,0.0,0.947906523856,0.98678644304
123,['HN' 'LN'],284,40.0,2,BIRCH,None,haversine,None,None,45,41,280,4,17.7642857143,0.0,0.128252291589,915.008683447,0.607311380862,0.0599853159395,0.57423337988,0.0,0.944109368717,0.983053799831
124,['HN' 'LN'],284,50.0,2,BIRCH,None,haversine,None,None,35,34,283,1,21.1024734982,0.0,0.113922679781,833.204677698,0.601689621343,0.0923195575418,0.555326565275,0.0,0.885800401875,0.977006917832
125,['HN' 'LN'],284,10.0,3,BIRCH,None,haversine,None,None,160,15,118,166,13.1525423729,21.0,0.108315601713,3435.7965503,0.183051982642,0.0845188814269,0.447319388352,0.0,0.769329896907,0.983476832728
126,['HN' 'LN'],284,20.0,3,BIRCH,None,haversine,None,None,96,28,189,95,17.5132275132,12.0,0.152527331077,1480.62975014,0.426931102113,0.0520842095549,0.486048137567,0.0,0.920241691843,0.989822326183
127,['HN' 'LN'],284,30.0,3,BIRCH,None,haversine,None,None,66,33,232,52,17.7068965517,21.0,0.129593444062,1100.40055769,0.572036524862,0.120117450932,0.537828792989,0.0,0.947906523856,0.98678644304
128,['HN' 'LN'],284,40.0,3,BIRCH,None,haversine,None,None,45,31,260,24,19.1307692308,23.0,0.128252291589,915.008683447,0.607311380862,0.0599853159395,0.57423337988,0.289298072259,0.944109368717,0.983053799831
129,['HN' 'LN'],284,50.0,3,BIRCH,None,haversine,None,None,35,27,269,15,22.2007434944,22.0,0.113922679781,833.204677698,0.601689621343,0.0923195575418,0.555326565275,0.265958061834,0.885800401875,0.977006917832
130,['HN' 'LN'],284,10.0,4,BIRCH,None,haversine,None,None,160,9,100,184,15.52,48.0,0.108315601713,3435.7965503,0.183051982642,0.0845188814269,0.447319388352,0.276819897162,0.769329896907,0.983476832728
131,['HN' 'LN'],284,20.0,4,BIRCH,None,haversine,None,None,96,16,153,131,21.6339869281,27.3333333333,0.152527331077,1480.62975014,0.426931102113,0.0520842095549,0.486048137567,0.158924695554,0.920241691843,0.989822326183
132,['HN' 'LN'],284,30.0,4,BIRCH,None,haversine,None,None,66,20,193,91,21.2849740933,37.1880952381,0.129593444062,1100.40055769,0.572036524862,0.120117450932,0.537828792989,0.288298909672,0.947906523856,0.98678644304
133,['HN' 'LN'],284,40.0,4,BIRCH,None,haversine,None,None,45,25,242,42,20.5537190083,48.5714285714,0.128252291589,915.008683447,0.607311380862,0.0599853159395,0.57423337988,0.287369038204,0.944109368717,0.983053799831
134,['HN' 'LN'],284,50.0,4,BIRCH,None,haversine,None,None,35,24,260,24,22.9692307692,42.0285714286,0.113922679781,833.204677698,0.601689621343,0.0923195575418,0.555326565275,0.280040034586,0.885800401875,0.977006917832
135,['HN' 'LN'],284,10.0,5,BIRCH,None,haversine,None,None,160,8,96,188,16.1666666667,76.0,0.108315601713,3435.7965503,0.183051982642,0.0845188814269,0.447319388352,0.311422384308,0.769329896907,0.983476832728
136,['HN' 'LN'],284,20.0,5,BIRCH,None,haversine,None,None,96,12,137,147,24.1605839416,43.8333333333,0.152527331077,1480.62975014,0.426931102113,0.0520842095549,0.486048137567,0.150507565742,0.920241691843,0.989822326183
137,['HN' 'LN'],284,30.0,5,BIRCH,None,haversine,None,None,66,14,169,115,24.3076923077,57.8880952381,0.129593444062,1100.40055769,0.572036524862,0.120117450932,0.537828792989,0.243335394381,0.947906523856,0.98678644304
138,['HN' 'LN'],284,40.0,5,BIRCH,None,haversine,None,None,45,17,210,74,23.6857142857,73.0523809524,0.128252291589,915.008683447,0.607311380862,0.0599853159395,0.57423337988,0.246522883615,0.944109368717,0.983053799831
139,['HN' 'LN'],284,50.0,5,BIRCH,None,haversine,None,None,35,19,240,44,24.8833333333,63.2444444444,0.113922679781,833.204677698,0.601689621343,0.0923195575418,0.555326565275,0.300649458952,0.885800401875,0.977006917832
140,['HN' 'LN'],284,10.0,2,GREEDY,None,haversine,None,random,35,33,281,3,5.5231316726,0.0,-0.590972986433,1.20792545272,30.0664090662,0.000167114276481,-0.00494788898927,0.0,0.0889175257732,0.915268999154
141,['HN' 'LN'],284,20.0,2,GREEDY,None,haversine,None,random,30,27,280,4,11.8178571429,0.0,-0.636056383722,1.33333624114,25.9379999934,0.000175171833368,-0.00711293252161,0.0,0.0954682779456,0.866122530234
142,['HN' 'LN'],284,30.0,2,GREEDY,None,haversine,None,random,33,33,283,1,14.5123674912,0.0,-0.56780015132,1.0808579937,49.9753854465,0.000156333176713,0.00196792256589,0.0,0.125608568647,0.838500970487
143,['HN' 'LN'],284,40.0,2,GREEDY,None,haversine,None,random,23,22,282,2,17.6241134752,0.0,-0.577263042265,1.06908925074,19.8519289351,0.000163343173915,-0.00956861485919,0.95928756993,0.16164053076,0.799681481113
144,['HN' 'LN'],284,50.0,2,GREEDY,None,haversine,None,random,15,15,283,1,21.0812720848,0.0,-0.39950157414,0.857301299143,27.987769727,0.000157976127885,-6.6003483997e-05,0.93728447442,0.173141326189,0.779226596327
145,['HN' 'LN'],284,10.0,3,GREEDY,None,haversine,None,random,20,14,270,14,5.74814814815,9.0,-0.540129396026,1.10662550902,16.8039571733,0.000157277188011,0.0152247847805,0.0,0.226804123711,0.823595281939
146,['HN' 'LN'],284,20.0,3,GREEDY,None,haversine,None,random,27,19,267,17,12.393258427,7.0,-0.532708766652,1.47836973375,19.0575298782,0.000163766029811,-0.0061739122498,0.960388338613,0.122658610272,0.836883491763
147,['HN' 'LN'],284,30.0,3,GREEDY,None,haversine,None,random,33,21,259,25,15.8571428571,9.0,-0.588436979174,1.09442603733,21.1159809649,0.000156333176713,0.000971576585075,0.959337500352,0.135345666991,0.830861494053
148,['HN' 'LN'],284,40.0,3,GREEDY,None,haversine,None,random,23,16,270,14,18.4074074074,11.0,-0.577263042265,1.06908925074,19.8519289351,0.000163343173915,-0.00956861485919,0.94495158657,0.16164053076,0.799681481113
149,['HN' 'LN'],284,50.0,3,GREEDY,None,haversine,None,random,15,13,279,5,21.3835125448,9.0,-0.39950157414,0.857301299143,27.987769727,0.000157976127885,-6.6003483997e-05,0.931045364787,0.173141326189,0.779226596327
150,['HN' 'LN'],284,10.0,4,GREEDY,None,haversine,None,random,20,13,267,17,5.8127340824,17.7096638655,-0.540129396026,1.10662550902,16.8039571733,0.000157277188011,0.0152247847805,0.0,0.226804123711,0.823595281939
151,['HN' 'LN'],284,20.0,4,GREEDY,None,haversine,None,random,27,18,264,20,12.5340909091,13.7944444444,-0.532708766652,1.47836973375,19.0575298782,0.000163766029811,-0.0061739122498,0.958187690758,0.122658610272,0.836883491763
152,['HN' 'LN'],284,30.0,4,GREEDY,None,haversine,None,random,33,16,244,40,16.8319672131,18.5987012987,-0.588436979174,1.09442603733,21.1159809649,0.000156333176713,0.000971576585075,0.947634175204,0.135345666991,0.830861494053
153,['HN' 'LN'],284,40.0,4,GREEDY,None,haversine,None,random,23,12,258,26,19.2635658915,21.4871031746,-0.577263042265,1.06908925074,19.8519289351,0.000163343173915,-0.00956861485919,0.926751640056,0.16164053076,0.799681481113
154,['HN' 'LN'],284,50.0,4,GREEDY,None,haversine,None,random,15,10,270,14,22.0962962963,18.551372549,-0.39950157414,0.857301299143,27.987769727,0.000157976127885,-6.6003483997e-05,0.910531943863,0.173141326189,0.779226596327
155,['HN' 'LN'],284,10.0,5,GREEDY,None,haversine,None,random,20,9,251,33,6.18326693227,27.454004329,-0.540129396026,1.10662550902,16.8039571733,0.000157277188011,0.0152247847805,0.892050598329,0.226804123711,0.823595281939
156,['HN' 'LN'],284,20.0,5,GREEDY,None,haversine,None,random,27,12,240,44,13.7875,21.2055555556,-0.532708766652,1.47836973375,19.0575298782,0.000163766029811,-0.0061739122498,0.940668335082,0.122658610272,0.836883491763
157,['HN' 'LN'],284,30.0,5,GREEDY,None,haversine,None,random,33,10,220,64,18.6681818182,28.4872619048,-0.588436979174,1.09442603733,21.1159809649,0.000156333176713,0.000971576585075,0.924050005692,0.135345666991,0.830861494053
158,['HN' 'LN'],284,40.0,5,GREEDY,None,haversine,None,random,23,11,254,30,19.5669291339,29.9184981685,-0.577263042265,1.06908925074,19.8519289351,0.000163343173915,-0.00956861485919,0.920092698243,0.16164053076,0.799681481113
159,['HN' 'LN'],284,50.0,5,GREEDY,None,haversine,None,random,15,7,258,26,23.1240310078,27.7507331378,-0.39950157414,0.857301299143,27.987769727,0.000157976127885,-6.6003483997e-05,0.876477518889,0.173141326189,0.779226596327
160,['HN' 'LN'],284,10.0,2,GREEDY,None,haversine,None,integer,20,20,282,2,5.50354609929,0.0,-0.540129396026,1.10662550902,16.8039571733,0.000157277188011,0.0152247847805,0.0,0.226804123711,0.823595281939
161,['HN' 'LN'],284,20.0,2,GREEDY,None,haversine,None,integer,27,27,283,1,11.6925795053,0.0,-0.532708766652,1.47836973375,19.0575298782,0.000163766029811,-0.0061739122498,0.0,0.122658610272,0.836883491763
162,['HN' 'LN'],284,30.0,2,GREEDY,None,haversine,None,integer,33,33,283,1,14.5123674912,0.0,-0.588436979174,1.09442603733,21.1159809649,0.000156333176713,0.000971576585075,0.0,0.135345666991,0.830861494053
163,['HN' 'LN'],284,40.0,2,GREEDY,None,haversine,None,integer,23,22,282,2,17.6241134752,0.0,-0.577263042265,1.06908925074,19.8519289351,0.000163343173915,-0.00956861485919,0.95928756993,0.16164053076,0.799681481113
164,['HN' 'LN'],284,50.0,2,GREEDY,None,haversine,None,integer,15,15,283,1,21.0812720848,0.0,-0.39950157414,0.857301299143,27.987769727,0.000157976127885,-6.6003483997e-05,0.93728447442,0.173141326189,0.779226596327
165,['HN' 'LN'],284,10.0,3,GREEDY,None,haversine,None,integer,20,14,270,14,5.74814814815,9.0,-0.540129396026,1.10662550902,16.8039571733,0.000157277188011,0.0152247847805,0.0,0.226804123711,0.823595281939
166,['HN' 'LN'],284,20.0,3,GREEDY,None,haversine,None,integer,27,19,267,17,12.393258427,7.0,-0.532708766652,1.47836973375,19.0575298782,0.000163766029811,-0.0061739122498,0.960388338613,0.122658610272,0.836883491763
167,['HN' 'LN'],284,30.0,3,GREEDY,None,haversine,None,integer,33,21,259,25,15.8571428571,9.0,-0.588436979174,1.09442603733,21.1159809649,0.000156333176713,0.000971576585075,0.959337500352,0.135345666991,0.830861494053
168,['HN' 'LN'],284,40.0,3,GREEDY,None,haversine,None,integer,23,16,270,14,18.4074074074,11.0,-0.577263042265,1.06908925074,19.8519289351,0.000163343173915,-0.00956861485919,0.94495158657,0.16164053076,0.799681481113
169,['HN' 'LN'],284,50.0,3,GREEDY,None,haversine,None,integer,15,13,279,5,21.3835125448,9.0,-0.39950157414,0.857301299143,27.987769727,0.000157976127885,-6.6003483997e-05,0.931045364787,0.173141326189,0.779226596327
170,['HN' 'LN'],284,10.0,4,GREEDY,None,haversine,None,integer,20,13,267,17,5.8127340824,17.7096638655,-0.540129396026,1.10662550902,16.8039571733,0.000157277188011,0.0152247847805,0.0,0.226804123711,0.823595281939
171,['HN' 'LN'],284,20.0,4,GREEDY,None,haversine,None,integer,27,18,264,20,12.5340909091,13.7944444444,-0.532708766652,1.47836973375,19.0575298782,0.000163766029811,-0.0061739122498,0.958187690758,0.122658610272,0.836883491763
172,['HN' 'LN'],284,30.0,4,GREEDY,None,haversine,None,integer,33,16,244,40,16.8319672131,18.5987012987,-0.588436979174,1.09442603733,21.1159809649,0.000156333176713,0.000971576585075,0.947634175204,0.135345666991,0.830861494053
173,['HN' 'LN'],284,40.0,4,GREEDY,None,haversine,None,integer,23,12,258,26,19.2635658915,21.4871031746,-0.577263042265,1.06908925074,19.8519289351,0.000163343173915,-0.00956861485919,0.926751640056,0.16164053076,0.799681481113
174,['HN' 'LN'],284,50.0,4,GREEDY,None,haversine,None,integer,15,10,270,14,22.0962962963,18.551372549,-0.39950157414,0.857301299143,27.987769727,0.000157976127885,-6.6003483997e-05,0.910531943863,0.173141326189,0.779226596327
175,['HN' 'LN'],284,10.0,5,GREEDY,None,haversine,None,integer,20,9,251,33,6.18326693227,27.454004329,-0.540129396026,1.10662550902,16.8039571733,0.000157277188011,0.0152247847805,0.892050598329,0.226804123711,0.823595281939
176,['HN' 'LN'],284,20.0,5,GREEDY,None,haversine,None,integer,27,12,240,44,13.7875,21.2055555556,-0.532708766652,1.47836973375,19.0575298782,0.000163766029811,-0.0061739122498,0.940668335082,0.122658610272,0.836883491763
177,['HN' 'LN'],284,30.0,5,GREEDY,None,haversine,None,integer,33,10,220,64,18.6681818182,28.4872619048,-0.588436979174,1.09442603733,21.1159809649,0.000156333176713,0.000971576585075,0.924050005692,0.135345666991,0.830861494053
178,['HN' 'LN'],284,40.0,5,GREEDY,None,haversine,None,integer,23,11,254,30,19.5669291339,29.9184981685,-0.577263042265,1.06908925074,19.8519289351,0.000163343173915,-0.00956861485919,0.920092698243,0.16164053076,0.799681481113
179,['HN' 'LN'],284,50.0,5,GREEDY,None,haversine,None,integer,15,7,258,26,23.1240310078,27.7507331378,-0.39950157414,0.857301299143,27.987769727,0.000157976127885,-6.6003483997e-05,0.876477518889,0.173141326189,0.779226596327
180,['HN' 'LN'],284,10.0,2,ASYNC-LPA,None,None,None,random,20,20,282,2,5.50354609929,0.0,-0.490204948088,1.39417087104,24.5906974352,0.000163495412061,-0.00685845998512,0.0,0.180412371134,0.836336037426
181,['HN' 'LN'],284,20.0,2,ASYNC-LPA,None,None,None,random,32,32,283,1,11.6925795053,0.0,-0.594138535648,1.41201586963,31.6319168168,0.000175368690398,-0.0136869871578,0.0,0.0948640483384,0.855870203553
182,['HN' 'LN'],284,30.0,2,ASYNC-LPA,None,None,None,random,39,39,283,1,14.5123674912,0.0,-0.622121731551,1.24980355836,20.1739761932,0.000152280487701,-0.00296118718647,0.0,0.095423563778,0.865301348728
183,['HN' 'LN'],284,40.0,2,ASYNC-LPA,None,None,None,random,32,32,283,1,17.5618374558,0.0,-0.549874283473,1.15898828646,22.3856125779,0.000163343173915,-0.00439648455847,0.971389510993,0.10454362686,0.838451201911
184,['HN' 'LN'],284,50.0,2,ASYNC-LPA,None,None,None,random,28,28,283,1,21.0812720848,0.0,-0.47423083658,1.12172915386,21.4079414867,0.000170454438755,-0.00104932641678,0.966855473128,0.111185532485,0.830886378341
185,['HN' 'LN'],284,10.0,3,ASYNC-LPA,None,None,None,random,27,21,275,9,5.64363636364,12.0,-0.643153686229,1.45010084458,14.3419801457,0.000157976127885,0.0147174580189,0.0,0.173969072165,0.85206290748
186,['HN' 'LN'],284,20.0,3,ASYNC-LPA,None,None,None,random,32,25,269,15,12.3011152416,8.0,-0.515170045389,1.15657713998,37.7994895442,0.000168204740836,-0.0114507899709,0.976789869391,0.0779456193353,0.876847658388
187,['HN' 'LN'],284,30.0,3,ASYNC-LPA,None,None,None,random,40,27,257,27,15.9805447471,11.0,-0.61229390753,1.22159410853,20.8781373069,0.00016258135835,-0.00497746340529,0.0,0.078870496592,0.880331458717
188,['HN' 'LN'],284,40.0,3,ASYNC-LPA,None,None,None,random,32,25,270,14,18.4074074074,12.0,-0.601603734674,1.18981894638,24.5141575963,0.000163343173915,-0.00331551166993,0.964484534296,0.101728990752,0.846513711243
189,['HN' 'LN'],284,50.0,3,ASYNC-LPA,None,None,None,random,28,25,277,7,21.5379061372,13.0,-0.436682407794,1.2350149171,56.7206139532,0.000170454438755,-0.00145544131152,0.964552333127,0.112525117214,0.831334295526
190,['HN' 'LN'],284,10.0,4,ASYNC-LPA,None,None,None,random,27,18,266,18,5.83458646617,22.3418831169,-0.64145481263,1.42623499959,35.7026256221,0.000157976127885,0.00777679615262,0.0,0.173969072165,0.851017767382
191,['HN' 'LN'],284,20.0,4,ASYNC-LPA,None,None,None,random,32,21,258,26,12.8255813953,17.8166666667,-0.576460593664,1.41947685861,21.2158830313,0.000168204740836,-0.0122899571928,0.97256675198,0.0767371601208,0.877196038421
192,['HN' 'LN'],284,30.0,4,ASYNC-LPA,None,None,None,random,38,18,236,48,17.4025423729,21.703030303,-0.594441850702,1.15235547341,24.5106375439,0.000152280487701,-0.00303940633092,0.964927183761,0.0939629990263,0.864405514358
193,['HN' 'LN'],284,40.0,4,ASYNC-LPA,None,None,None,random,31,16,243,41,20.4526748971,23.8680451128,-0.543210388143,1.21116508268,29.7648801933,0.000163343173915,-0.00339667355896,0.947734804405,0.0985122637716,0.843975513861
194,['HN' 'LN'],284,50.0,4,ASYNC-LPA,None,None,None,random,27,19,262,22,22.7709923664,24.3027950311,-0.476919568068,1.10224840531,23.2720574417,0.000170454438755,-0.00132601391894,0.959750010465,0.116208975218,0.826332553626
195,['HN' 'LN'],284,10.0,5,ASYNC-LPA,None,None,None,random,26,14,251,33,6.18326693227,40.57715311,-0.622095878268,1.3645796679,33.3954877508,0.000157976127885,0.0137135986821,0.0,0.176546391753,0.849848205843
196,['HN' 'LN'],284,20.0,5,ASYNC-LPA,None,None,None,random,32,16,238,46,13.9033613445,23.7823529412,-0.515868785009,1.10705216608,34.7443870641,0.000168204740836,-0.0114748861365,0.964292683803,0.0779456193353,0.876623699796
197,['HN' 'LN'],284,30.0,5,ASYNC-LPA,None,None,None,random,37,14,220,64,18.6681818182,34.1122807018,-0.585000782728,1.13505719656,29.6323530743,0.000152280487701,-0.00187939271604,0.954077037665,0.0959104186952,0.863534564276
198,['HN' 'LN'],284,40.0,5,ASYNC-LPA,None,None,None,random,33,14,225,59,22.0888888889,38.6420634921,-0.535080798736,1.2214999389,26.6850279142,0.000163343173915,-0.00356198836281,0.946847692081,0.0956976276639,0.845866719753
199,['HN' 'LN'],284,50.0,5,ASYNC-LPA,None,None,None,random,28,15,243,41,24.5514403292,45.1442241969,-0.463360890264,1.042451053,27.6617271571,0.000170454438755,-0.00222785591524,0.944084607264,0.112525117214,0.829467973921
200,['HN' 'LN'],284,10.0,2,LPC,None,None,None,None,27,24,279,5,5.56272401434,0.0,-0.62325725572,1.48680736302,14.5585924268,0.000163563052377,0.014692548358,0.0,0.126288659794,0.887946050863
201,['HN' 'LN'],284,20.0,2,LPC,None,None,None,None,34,34,283,1,11.6925795053,0.0,-0.548688150377,1.22163682268,28.131066402,0.000168204740836,-0.00760599118299,0.976722473677,0.0827794561934,0.876623699796
202,['HN' 'LN'],284,30.0,2,LPC,None,None,None,None,37,37,283,1,14.5123674912,0.0,-0.575418701302,0.922387446777,39.249206508,0.00016258135835,-0.00623169553506,0.980119963976,0.0813047711782,0.876101129747
203,['HN' 'LN'],284,40.0,2,LPC,None,None,None,None,31,31,281,3,17.5053380783,0.0,-0.478738721293,1.26423227429,24.5126183118,0.000163343173915,-0.00568480828899,0.973181507568,0.117812625653,0.83782909471
204,['HN' 'LN'],284,50.0,2,LPC,None,None,None,None,29,28,281,3,21.0498220641,0.0,-0.534996711365,1.37739091686,29.1779732503,0.000170454438755,0.00028403368432,0.969823374257,0.115539182853,0.833573881451
205,['HN' 'LN'],284,10.0,3,LPC,None,None,None,None,29,23,273,11,5.61172161172,14.0,-0.505494764426,1.34100355823,21.7091672366,0.000161704498169,0.0111661706876,0.0,0.105670103093,0.909869108645
206,['HN' 'LN'],284,20.0,3,LPC,None,None,None,None,34,29,273,11,12.1208791209,9.0,-0.514589367349,1.30818210589,28.3717665979,0.000168204740836,-0.00909885817033,0.0,0.0755287009063,0.883417110436
207,['HN' 'LN'],284,30.0,3,LPC,None,None,None,None,37,30,269,15,15.2676579926,10.0,-0.577303307716,0.753309227152,43.8527739993,0.00016258135835,-0.00557311404162,0.976597779117,0.0817916260954,0.876673468372
208,['HN' 'LN'],284,40.0,3,LPC,None,None,None,None,31,27,273,11,18.0183150183,16.0,-0.478738721293,1.26423227429,24.5126183118,0.000163343173915,-0.00568480828899,0.969760206713,0.117812625653,0.83782909471
209,['HN' 'LN'],284,50.0,3,LPC,None,None,None,None,29,27,279,5,21.2007168459,13.0,-0.534996711365,1.37739091686,29.1779732503,0.000170454438755,0.00028403368432,0.97034730019,0.115539182853,0.833573881451
210,['HN' 'LN'],284,10.0,4,LPC,None,None,None,None,29,20,264,20,5.80303030303,25.8935064935,-0.505494764426,1.34100355823,21.7091672366,0.000161704498169,0.0111661706876,0.0,0.105670103093,0.909869108645
211,['HN' 'LN'],284,20.0,4,LPC,None,None,None,None,34,21,249,35,13.2891566265,16.0666666667,-0.514589367349,1.30818210589,28.3717665979,0.000168204740836,-0.00909885817033,0.96714965512,0.0755287009063,0.883417110436
212,['HN' 'LN'],284,30.0,4,LPC,None,None,None,None,37,20,239,45,17.1841004184,20.2333333333,-0.577303307716,0.753309227152,43.8527739993,0.00016258135835,-0.00557311404162,0.964896668675,0.0817916260954,0.876673468372
213,['HN' 'LN'],284,40.0,4,LPC,None,None,None,None,31,18,246,38,19.9959349593,29.9811403509,-0.478738721293,1.26423227429,24.5126183118,0.000163343173915,-0.00568480828899,0.955115693487,0.117812625653,0.83782909471
214,['HN' 'LN'],284,50.0,4,LPC,None,None,None,None,29,20,258,26,22.9263565891,27.1715643275,-0.534996711365,1.37739091686,29.1779732503,0.000170454438755,0.00028403368432,0.960372259958,0.115539182853,0.833573881451
215,['HN' 'LN'],284,10.0,5,LPC,None,None,None,None,29,17,252,32,6.07936507937,39.3220779221,-0.505494764426,1.34100355823,21.7091672366,0.000161704498169,0.0111661706876,0.952430017773,0.105670103093,0.909869108645
216,['HN' 'LN'],284,20.0,5,LPC,None,None,None,None,34,18,237,47,13.9620253165,23.9490196078,-0.514589367349,1.30818210589,28.3717665979,0.000168204740836,-0.00909885817033,0.96167459764,0.0755287009063,0.883417110436
217,['HN' 'LN'],284,30.0,5,LPC,None,None,None,None,37,15,219,65,18.7534246575,30.8805194805,-0.577303307716,0.753309227152,43.8527739993,0.00016258135835,-0.00557311404162,0.958419108477,0.0817916260954,0.876673468372
218,['HN' 'LN'],284,40.0,5,LPC,None,None,None,None,31,15,234,50,21.0213675214,43.3642857143,-0.478738721293,1.26423227429,24.5126183118,0.000163343173915,-0.00568480828899,0.946138832184,0.117812625653,0.83782909471
219,['HN' 'LN'],284,50.0,5,LPC,None,None,None,None,29,16,242,42,24.4421487603,44.0626984127,-0.534996711365,1.37739091686,29.1779732503,0.000170454438755,0.00028403368432,0.952341774547,0.115539182853,0.833573881451
220,['HN' 'LN'],284,10.0,2,GIRVAN-NEWMAN,None,None,None,None,29,25,278,6,5.51079136691,0.0,-0.534186852587,0.93581448508,28.3597620975,0.000165202450266,0.00150122223403,0.0,0.128865979381,0.891852884089
221,['HN' 'LN'],284,20.0,2,GIRVAN-NEWMAN,None,None,None,None,28,27,282,2,11.7340425532,0.0,-0.571412353795,1.48593552133,22.2406665982,0.000168204740836,-0.00933050994423,0.971967510084,0.0851963746224,0.873911312397
222,['HN' 'LN'],284,30.0,2,GIRVAN-NEWMAN,None,None,None,None,33,33,283,1,14.5123674912,0.0,-0.592248246168,1.11222846811,21.5000626655,0.000156333176713,-0.00286720569928,0.0,0.118305744888,0.84949982581
223,['HN' 'LN'],284,40.0,2,GIRVAN-NEWMAN,None,None,None,None,19,18,282,2,17.6241134752,0.0,-0.580320097283,0.933185041559,53.8568684011,0.000163343173915,-0.0113220835195,0.951859318499,0.253719340571,0.732842283382
224,['HN' 'LN'],284,50.0,2,GIRVAN-NEWMAN,None,None,None,None,12,11,282,2,21.1560283688,0.0,-0.446915680878,0.67318939259,17.8784550945,0.000185460146194,-0.000167672401997,0.911577702553,0.382116543871,0.600059722291
225,['HN' 'LN'],284,10.0,3,GIRVAN-NEWMAN,None,None,None,None,19,15,274,10,5.66423357664,8.0,-0.517554827311,1.01536963029,15.4516763123,0.000157277188011,-0.00870675682857,0.0,0.33118556701,0.694470711193
226,['HN' 'LN'],284,20.0,3,GIRVAN-NEWMAN,None,None,None,None,27,18,265,19,12.4867924528,8.0,-0.59216091592,1.60952224669,24.1494133358,0.000168204740836,-0.00384607661485,0.956745151881,0.12749244713,0.82384412482
227,['HN' 'LN'],284,30.0,3,GIRVAN-NEWMAN,None,None,None,None,33,22,261,23,15.7356321839,10.0,-0.594793811355,1.00964477636,27.0486808541,0.000156333176713,-0.00146684598603,0.962101734216,0.121226874391,0.84462250535
228,['HN' 'LN'],284,40.0,3,GIRVAN-NEWMAN,None,None,None,None,19,14,274,10,18.1386861314,8.0,-0.580320097283,0.933185041559,53.8568684011,0.000163343173915,-0.0113220835195,0.938104838071,0.253719340571,0.732842283382
229,['HN' 'LN'],284,50.0,3,GIRVAN-NEWMAN,None,None,None,None,12,8,276,8,21.615942029,6.0,-0.446915680878,0.67318939259,17.8784550945,0.000185460146194,-0.000167672401997,0.883959669251,0.382116543871,0.600059722291
230,['HN' 'LN'],284,10.0,4,GIRVAN-NEWMAN,None,None,None,None,19,10,259,25,5.99227799228,15.8710526316,-0.517554827311,1.01536963029,15.4516763123,0.000157277188011,-0.00870675682857,0.0,0.33118556701,0.694470711193
231,['HN' 'LN'],284,20.0,4,GIRVAN-NEWMAN,None,None,None,None,27,16,259,25,12.7760617761,13.9833333333,-0.59216091592,1.60952224669,24.1494133358,0.000168204740836,-0.00384607661485,0.951338295866,0.12749244713,0.82384412482
232,['HN' 'LN'],284,30.0,4,GIRVAN-NEWMAN,None,None,None,None,33,15,240,44,17.1125,19.6222222222,-0.594793811355,1.00964477636,27.0486808541,0.000156333176713,-0.00146684598603,0.945486496574,0.121226874391,0.84462250535
233,['HN' 'LN'],284,40.0,4,GIRVAN-NEWMAN,None,None,None,None,19,9,259,25,19.1891891892,14.443452381,-0.580320097283,0.933185041559,53.8568684011,0.000163343173915,-0.0113220835195,0.90430904727,0.253719340571,0.732842283382
234,['HN' 'LN'],284,50.0,4,GIRVAN-NEWMAN,None,None,None,None,12,6,270,14,22.0962962963,12.4153846154,-0.446915680878,0.67318939259,17.8784550945,0.000185460146194,-0.000167672401997,0.845567841736,0.382116543871,0.600059722291
235,['HN' 'LN'],284,10.0,5,GIRVAN-NEWMAN,None,None,None,None,19,6,243,41,6.38683127572,23.9075963719,-0.517554827311,1.01536963029,15.4516763123,0.000157277188011,-0.00870675682857,0.856358514937,0.33118556701,0.694470711193
236,['HN' 'LN'],284,20.0,5,GIRVAN-NEWMAN,None,None,None,None,27,14,251,33,13.1832669323,20.5550802139,-0.59216091592,1.60952224669,24.1494133358,0.000168204740836,-0.00384607661485,0.947386414072,0.12749244713,0.82384412482
237,['HN' 'LN'],284,30.0,5,GIRVAN-NEWMAN,None,None,None,None,33,12,228,56,18.0131578947,30.0558704453,-0.594793811355,1.00964477636,27.0486808541,0.000156333176713,-0.00146684598603,0.931858120717,0.121226874391,0.84462250535
238,['HN' 'LN'],284,40.0,5,GIRVAN-NEWMAN,None,None,None,None,19,7,251,33,19.8007968127,21.2480063796,-0.580320097283,0.933185041559,53.8568684011,0.000163343173915,-0.0113220835195,0.876968775061,0.253719340571,0.732842283382
239,['HN' 'LN'],284,50.0,5,GIRVAN-NEWMAN,None,None,None,None,12,4,262,22,22.7709923664,18.5125,-0.446915680878,0.67318939259,17.8784550945,0.000185460146194,-0.000167672401997,0.769997280151,0.382116543871,0.600059722291
240,['HN' 'LN'],284,10.0,2,KMEANS,None,haversine,None,None,10,10,284,0,5.46478873239,0.0,0.127552950312,681.679821108,0.706135494748,0.0639304556109,0.53994513232,0.0,1.0,0.873886428109
241,['HN' 'LN'],284,20.0,2,KMEANS,None,haversine,None,None,10,10,284,0,11.6549295775,0.0,0.127552950312,681.679821108,0.706135494748,0.0639304556109,0.518550396583,0.0044288857116,0.999395770393,0.895709948738
242,['HN' 'LN'],284,30.0,2,KMEANS,None,haversine,None,None,10,10,284,0,14.4647887324,0.0,0.127552950312,681.679821108,0.706135494749,0.0639304556109,0.547067540572,0.032040220739,0.997078870497,0.905389936794
243,['HN' 'LN'],284,40.0,2,KMEANS,None,haversine,None,None,10,10,284,0,17.514084507,0.0,0.127552950312,681.679821108,0.706135494747,0.0639304556109,0.576682787487,0.0393603650536,0.991556091677,0.915418304882
244,['HN' 'LN'],284,50.0,2,KMEANS,None,haversine,None,None,10,10,284,0,21.0281690141,0.0,0.127552950312,681.679821108,0.706135494748,0.0639304556109,0.588211441292,0.0858248586442,0.983590087073,0.926442044493
245,['HN' 'LN'],284,10.0,3,KMEANS,None,haversine,None,None,10,10,284,0,5.46478873239,7.0,0.127552950312,681.679821108,0.706135494748,0.0639304556109,0.53994513232,0.0,1.0,0.873886428109
246,['HN' 'LN'],284,20.0,3,KMEANS,None,haversine,None,None,10,10,284,0,11.6549295775,6.0,0.127552950312,681.679821108,0.706135494748,0.0639304556109,0.518550396583,0.0044288857116,0.999395770393,0.895709948738
247,['HN' 'LN'],284,30.0,3,KMEANS,None,haversine,None,None,10,10,284,0,14.4647887324,9.0,0.127552950312,681.679821108,0.706135494749,0.0639304556109,0.547067540572,0.032040220739,0.997078870497,0.905389936794
248,['HN' 'LN'],284,40.0,3,KMEANS,None,haversine,None,None,10,10,284,0,17.514084507,10.0,0.127552950312,681.679821108,0.706135494747,0.0639304556109,0.576682787487,0.0393603650536,0.991556091677,0.915418304882
249,['HN' 'LN'],284,50.0,3,KMEANS,None,haversine,None,None,10,10,284,0,21.0281690141,9.0,0.127552950312,681.679821108,0.706135494748,0.0639304556109,0.588211441292,0.0858248586442,0.983590087073,0.926442044493
250,['HN' 'LN'],284,10.0,4,KMEANS,None,haversine,None,None,10,10,284,0,5.46478873239,11.8047619048,0.127552950312,681.679821108,0.706135494748,0.0639304556109,0.53994513232,0.0,1.0,0.873886428109
251,['HN' 'LN'],284,20.0,4,KMEANS,None,haversine,None,None,10,10,284,0,11.6549295775,11.3896103896,0.127552950312,681.679821108,0.706135494748,0.0639304556109,0.518550396583,0.0044288857116,0.999395770393,0.895709948738
252,['HN' 'LN'],284,30.0,4,KMEANS,None,haversine,None,None,10,10,284,0,14.4647887324,16.0800904977,0.127552950312,681.679821108,0.706135494749,0.0639304556109,0.547067540572,0.032040220739,0.997078870497,0.905389936794
253,['HN' 'LN'],284,40.0,4,KMEANS,None,haversine,None,None,10,10,284,0,17.514084507,16.646986347,0.127552950312,681.679821108,0.706135494747,0.0639304556109,0.576682787487,0.0393603650536,0.991556091677,0.915418304882
254,['HN' 'LN'],284,50.0,4,KMEANS,None,haversine,None,None,10,10,284,0,21.0281690141,13.6439393939,0.127552950312,681.679821108,0.706135494748,0.0639304556109,0.588211441292,0.0858248586442,0.983590087073,0.926442044493
255,['HN' 'LN'],284,10.0,5,KMEANS,None,haversine,None,None,10,10,284,0,5.46478873239,19.2235653236,0.127552950312,681.679821108,0.706135494748,0.0639304556109,0.53994513232,0.0,1.0,0.873886428109
256,['HN' 'LN'],284,20.0,5,KMEANS,None,haversine,None,None,10,10,284,0,11.6549295775,19.2380952381,0.127552950312,681.679821108,0.706135494748,0.0639304556109,0.518550396583,0.0044288857116,0.999395770393,0.895709948738
257,['HN' 'LN'],284,30.0,5,KMEANS,None,haversine,None,None,10,10,284,0,14.4647887324,22.5652236652,0.127552950312,681.679821108,0.706135494749,0.0639304556109,0.547067540572,0.032040220739,0.997078870497,0.905389936794
258,['HN' 'LN'],284,40.0,5,KMEANS,None,haversine,None,None,10,10,284,0,17.514084507,23.5268398268,0.127552950312,681.679821108,0.706135494747,0.0639304556109,0.576682787487,0.0393603650536,0.991556091677,0.915418304882
259,['HN' 'LN'],284,50.0,5,KMEANS,None,haversine,None,None,10,10,284,0,21.0281690141,21.6112443112,0.127552950312,681.679821108,0.706135494748,0.0639304556109,0.588211441292,0.0858248586442,0.983590087073,0.926442044493
260,['HN' 'LN'],284,10.0,2,SPECTRAL,discretize,precomputed,lobpcg,None,13,7,278,6,5.58273381295,0.0,-0.577402975255,1.07517626036,1.57509917138,0.000152280487701,0.0125677542778,0.932366684982,0.650773195876,0.141666251929
261,['HN' 'LN'],284,20.0,2,SPECTRAL,discretize,precomputed,lobpcg,None,13,7,278,6,11.9064748201,0.0,-0.577402975255,1.07517626036,1.57509917138,0.000152280487701,0.0127152910251,0.934702504915,0.645317220544,0.147812671079
262,['HN' 'LN'],284,30.0,2,SPECTRAL,discretize,precomputed,lobpcg,None,13,7,278,6,14.7769784173,0.0,-0.577402975255,1.07517626036,1.57509917138,0.000152280487701,0.0132864697946,0.951358130055,0.687925998053,0.155053998905
263,['HN' 'LN'],284,40.0,2,SPECTRAL,discretize,precomputed,lobpcg,None,13,7,278,6,17.8920863309,0.0,-0.577402975255,1.07517626036,1.57509917138,0.000152280487701,0.0137378622961,0.960736233746,0.72738238842,0.163987458319
264,['HN' 'LN'],284,50.0,2,SPECTRAL,discretize,precomputed,lobpcg,None,13,7,278,6,21.4820143885,0.0,-0.577402975255,1.07517626036,1.57509917138,0.000152280487701,0.0126051513448,0.966903358058,0.754855994642,0.17371721495
265,['HN' 'LN'],284,10.0,3,SPECTRAL,discretize,precomputed,lobpcg,None,13,2,268,16,5.79104477612,6.0,-0.577402975255,1.07517626036,1.57509917138,0.000152280487701,0.0125677542778,0.889947039091,0.650773195876,0.141666251929
266,['HN' 'LN'],284,20.0,3,SPECTRAL,discretize,precomputed,lobpcg,None,13,2,268,16,12.3507462687,6.0,-0.577402975255,1.07517626036,1.57509917138,0.000152280487701,0.0127152910251,0.862298084376,0.645317220544,0.147812671079
267,['HN' 'LN'],284,30.0,3,SPECTRAL,discretize,precomputed,lobpcg,None,13,2,268,16,15.328358209,6.0,-0.577402975255,1.07517626036,1.57509917138,0.000152280487701,0.0132864697946,0.88238024205,0.687925998053,0.155053998905
268,['HN' 'LN'],284,40.0,3,SPECTRAL,discretize,precomputed,lobpcg,None,13,2,268,16,18.5597014925,6.0,-0.577402975255,1.07517626036,1.57509917138,0.000152280487701,0.0137378622961,0.899301405649,0.72738238842,0.163987458319
269,['HN' 'LN'],284,50.0,3,SPECTRAL,discretize,precomputed,lobpcg,None,13,2,268,16,22.2835820896,6.0,-0.577402975255,1.07517626036,1.57509917138,0.000152280487701,0.0126051513448,0.919619752006,0.754855994642,0.17371721495
270,['HN' 'LN'],284,10.0,4,SPECTRAL,discretize,precomputed,lobpcg,None,13,2,268,16,5.79104477612,11.3243243243,-0.577402975255,1.07517626036,1.57509917138,0.000152280487701,0.0125677542778,0.889947039091,0.650773195876,0.141666251929
271,['HN' 'LN'],284,20.0,4,SPECTRAL,discretize,precomputed,lobpcg,None,13,2,268,16,12.3507462687,11.55,-0.577402975255,1.07517626036,1.57509917138,0.000152280487701,0.0127152910251,0.862298084376,0.645317220544,0.147812671079
272,['HN' 'LN'],284,30.0,4,SPECTRAL,discretize,precomputed,lobpcg,None,13,2,268,16,15.328358209,11.7096774194,-0.577402975255,1.07517626036,1.57509917138,0.000152280487701,0.0132864697946,0.88238024205,0.687925998053,0.155053998905
273,['HN' 'LN'],284,40.0,4,SPECTRAL,discretize,precomputed,lobpcg,None,13,2,268,16,18.5597014925,11.7462686567,-0.577402975255,1.07517626036,1.57509917138,0.000152280487701,0.0137378622961,0.899301405649,0.72738238842,0.163987458319
274,['HN' 'LN'],284,50.0,4,SPECTRAL,discretize,precomputed,lobpcg,None,13,2,268,16,22.2835820896,11.4769230769,-0.577402975255,1.07517626036,1.57509917138,0.000152280487701,0.0126051513448,0.919619752006,0.754855994642,0.17371721495
275,['HN' 'LN'],284,10.0,5,SPECTRAL,discretize,precomputed,lobpcg,None,13,1,264,20,5.87878787879,17.98,-0.577402975255,1.07517626036,1.57509917138,0.000152280487701,0.0125677542778,0.864587854773,0.650773195876,0.141666251929
276,['HN' 'LN'],284,20.0,5,SPECTRAL,discretize,precomputed,lobpcg,None,13,1,264,20,12.5378787879,18.2653061224,-0.577402975255,1.07517626036,1.57509917138,0.000152280487701,0.0127152910251,0.74531628978,0.645317220544,0.147812671079
277,['HN' 'LN'],284,30.0,5,SPECTRAL,discretize,precomputed,lobpcg,None,13,1,264,20,15.5606060606,18.2045454545,-0.577402975255,1.07517626036,1.57509917138,0.000152280487701,0.0132864697946,0.784183907932,0.687925998053,0.155053998905
278,['HN' 'LN'],284,40.0,5,SPECTRAL,discretize,precomputed,lobpcg,None,13,1,264,20,18.8409090909,18.3295454545,-0.577402975255,1.07517626036,1.57509917138,0.000152280487701,0.0137378622961,0.814219117202,0.72738238842,0.163987458319
279,['HN' 'LN'],284,50.0,5,SPECTRAL,discretize,precomputed,lobpcg,None,13,1,264,20,22.6212121212,18.2,-0.577402975255,1.07517626036,1.57509917138,0.000152280487701,0.0126051513448,0.852811402571,0.754855994642,0.17371721495
