Sequence,Station Types,Station Quantity,Maximum Distance,Minimum Points,Name,Algorithm,Metric,Method,Seed,Generated Cluster Count,Valid Cluster Count,Clustered Station Count,Unclsutered Noise Count,Average Node Degree,Silhouette Coefficient,Calinski Harabaz score,Davies Bouldin score,Dunn Index,Modularity,Conductance Average,Coverage Score,Performance Score
0,['HN' 'LN'],281,10.0,2,DBSCAN,auto,haversine,None,None,12,12,119,162,12.9411764706,-0.125435407501,8.50415422164,2.32697277523,0.00726937971574,0.538614956425,0.0,0.992268041237,0.971886120996
1,['HN' 'LN'],281,20.0,2,DBSCAN,auto,haversine,None,None,14,14,131,150,24.3053435115,-0.0798871865366,7.95220831432,2.63224679616,0.00831102648227,0.486429860434,0.337140221704,0.950938824955,0.983274021352
2,['HN' 'LN'],281,30.0,2,DBSCAN,auto,haversine,None,None,18,18,187,94,21.6096256684,-0.0461237791045,10.5233999594,9.37284499326,0.0153715831539,0.529477453896,0.134682543024,0.980975609756,0.947966446365
3,['HN' 'LN'],281,40.0,2,DBSCAN,auto,haversine,None,None,13,13,227,54,21.5814977974,-0.300420364699,25.4796696107,1.2087691625,0.0202806212671,0.505754729784,0.124007778797,0.980660757454,0.822343670564
4,['HN' 'LN'],281,50.0,2,DBSCAN,auto,haversine,None,None,10,10,263,18,22.536121673,-0.250339928856,11.5349823712,1.54911116705,0.0306895239066,0.0264766411484,0.112382906051,0.991266375546,0.374173868836
5,['HN' 'LN'],281,10.0,3,DBSCAN,auto,haversine,None,None,9,9,113,168,13.5752212389,-0.111944164081,9.79393458675,3.23116753,0.00726937971574,0.534751468009,0.0,0.988402061856,0.971809862735
6,['HN' 'LN'],281,20.0,3,DBSCAN,auto,haversine,None,None,10,8,119,162,26.6638655462,-0.082825863989,9.68580473847,3.83767664482,0.00831102648227,0.484008553816,0.257000038985,0.948516050878,0.983172343671
7,['HN' 'LN'],281,30.0,3,DBSCAN,auto,haversine,None,None,10,10,171,110,23.5204678363,-0.00216132429927,15.8342665701,3.88362166163,0.0165117740634,0.525576442594,0.123360120758,0.977073170732,0.947763091002
8,['HN' 'LN'],281,40.0,3,DBSCAN,auto,haversine,None,None,7,7,215,66,22.7255813953,-0.0934458031594,29.0934525719,1.47282259413,0.0196365876171,0.503337892617,0.152692647029,0.978243352135,0.822191154042
9,['HN' 'LN'],281,50.0,3,DBSCAN,auto,haversine,None,None,5,5,253,28,23.3833992095,-0.0130980704797,13.126823066,2.16615377445,0.0306895239066,0.0247974364879,0.132555202755,0.989586832382,0.374046771734
10,['HN' 'LN'],281,10.0,4,DBSCAN,auto,haversine,None,None,5,5,99,182,15.2424242424,-0.00464151359646,15.3942493955,1.21419448153,0.00521284207024,0.520204226007,0.000308023646359,0.971649484536,0.973919674631
11,['HN' 'LN'],281,20.0,4,DBSCAN,auto,haversine,None,None,6,5,110,171,28.6181818182,-0.0809037350256,15.6688842745,1.19439884319,0.00831102648227,0.479174011602,0.00910067853749,0.943670502726,0.982968988307
12,['HN' 'LN'],281,30.0,4,DBSCAN,auto,haversine,None,None,9,9,168,113,23.9047619048,-0.00398907122486,16.2165033258,3.39332537707,0.0165117740634,0.524114455681,0.137066800843,0.975609756098,0.94768683274
13,['HN' 'LN'],281,40.0,4,DBSCAN,auto,haversine,None,None,5,5,205,76,23.7219512195,-0.0572221828456,34.0295117294,1.73236921478,0.0196365876171,0.501252612687,0.10279801163,0.974617244158,0.832511438739
14,['HN' 'LN'],281,50.0,4,DBSCAN,auto,haversine,None,None,3,2,242,39,24.3801652893,0.0983182222939,15.0703554352,2.43006663767,0.033222947144,0.0234305016096,0.163791187375,0.986899563319,0.385663446873
15,['HN' 'LN'],281,10.0,5,DBSCAN,auto,haversine,None,None,5,5,99,182,15.2424242424,-0.00464151359646,15.3942493955,1.21419448153,0.00521284207024,0.520204226007,0.000308023646359,0.971649484536,0.973919674631
16,['HN' 'LN'],281,20.0,5,DBSCAN,auto,haversine,None,None,5,5,110,171,28.5454545455,0.00551212889319,17.701733034,1.22590708848,0.00831102648227,0.477360783124,0.00910067853749,0.941853422168,0.982892730046
17,['HN' 'LN'],281,30.0,5,DBSCAN,auto,haversine,None,None,7,7,157,124,25.3503184713,-0.014876108652,19.6163413709,2.14885783423,0.0132862859634,0.517410826889,0.0575058932185,0.967804878049,0.950127097102
18,['HN' 'LN'],281,40.0,5,DBSCAN,auto,haversine,None,None,7,6,197,84,24.6395939086,-0.0376212904033,28.0484998825,1.56376583134,0.0168883069284,0.521446355744,0.121610216862,0.97099113618,0.886985256736
19,['HN' 'LN'],281,50.0,5,DBSCAN,auto,haversine,None,None,4,4,233,48,25.2017167382,0.0642605347436,29.590430689,2.12401334375,0.0204744830342,0.0518645975658,0.139132863167,0.979845482029,0.547839349263
20,['HN' 'LN'],281,10.0,2,HDBSCAN,best,haversine,eom,None,40,40,186,95,6.88709677419,-0.114028138071,6.53529443598,2.1539893309,0.000393752782259,0.381656691731,0.0,0.577319587629,0.98253685816
21,['HN' 'LN'],281,20.0,2,HDBSCAN,best,haversine,eom,None,29,29,131,150,24.3053435115,-0.154498193311,3.64031689131,2.11354444311,0.000393752782259,0.295104815062,0.70243560842,0.50030284676,0.978215556685
22,['HN' 'LN'],281,30.0,2,HDBSCAN,best,haversine,eom,None,44,44,187,94,21.6096256684,-0.0043653869466,3.98209126353,5.22156165408,0.000406666942625,0.309682807852,0.610287897885,0.498048780488,0.971606507372
23,['HN' 'LN'],281,40.0,2,HDBSCAN,best,haversine,eom,None,56,56,227,54,21.5814977974,0.0936760165193,6.69400533725,2.66172263931,0.000406666942625,0.289118884007,0.66369987874,0.450846091861,0.964056939502
24,['HN' 'LN'],281,50.0,2,HDBSCAN,best,haversine,eom,None,58,58,263,18,22.536121673,0.0826977938744,20.9632604444,2.64767544674,0.000437227557833,0.285404651426,0.676654553497,0.431306684582,0.950076258261
25,['HN' 'LN'],281,10.0,3,HDBSCAN,best,haversine,eom,None,36,36,244,37,6.35245901639,0.00302288316515,22.4160175437,2.48328884568,0.000566287424054,0.486934052503,0.0,0.697164948454,0.979842399593
26,['HN' 'LN'],281,20.0,3,HDBSCAN,best,haversine,eom,None,15,14,119,162,26.6302521008,-0.15009565753,6.85497539574,2.48696681408,0.000566287424054,0.32339062903,0.575913229031,0.544518473652,0.975190645653
27,['HN' 'LN'],281,30.0,3,HDBSCAN,best,haversine,eom,None,19,19,166,115,23.9156626506,-0.0458484400425,7.73563312996,4.76014476865,0.000566287424054,0.349995835812,0.457202623452,0.56243902439,0.966319267921
28,['HN' 'LN'],281,40.0,3,HDBSCAN,best,haversine,eom,None,28,27,209,72,23.0765550239,0.0272466720504,10.0372513259,2.21535134821,0.000566287424054,0.364773427502,0.490513883908,0.564867042707,0.965073716319
29,['HN' 'LN'],281,50.0,3,HDBSCAN,best,haversine,eom,None,30,30,253,28,22.9644268775,0.0331085281903,30.7965002243,3.79213532677,0.000628811982053,0.361455403982,0.505360315196,0.545851528384,0.952770716828
30,['HN' 'LN'],281,10.0,4,HDBSCAN,best,haversine,eom,None,25,25,242,39,6.17768595041,0.0146690361512,34.8263089031,2.18969894191,0.000244734071176,0.525927635774,0.0,0.747422680412,0.973360447382
31,['HN' 'LN'],281,20.0,4,HDBSCAN,best,haversine,eom,None,9,8,103,178,29.213592233,-0.14924971107,9.24646546349,3.19043749999,0.000244734071176,0.330325654734,0.425021860548,0.562689279225,0.976868327402
32,['HN' 'LN'],281,30.0,4,HDBSCAN,best,haversine,eom,None,18,17,170,111,22.7941176471,-0.0262842786629,8.75994730972,2.65727669635,0.000244734071176,0.36986841166,0.404286400957,0.589268292683,0.969928825623
33,['HN' 'LN'],281,40.0,4,HDBSCAN,best,haversine,eom,None,20,20,209,72,22.4497607656,0.0562521445744,13.6091831718,2.42909398722,0.000244734071176,0.380768446595,0.428779734721,0.582191780822,0.965455007626
34,['HN' 'LN'],281,50.0,4,HDBSCAN,best,haversine,eom,None,21,21,249,32,22.8152610442,0.0858880621488,46.8004547335,1.93706430225,0.000244734071176,0.368031292197,0.477407287316,0.547195162916,0.950965937977
35,['HN' 'LN'],281,10.0,5,HDBSCAN,best,haversine,eom,None,15,15,223,58,6.92376681614,-0.0145531885569,37.2270942513,3.70799082563,0.00304069767564,0.566623379211,0.0,0.822164948454,0.960726995425
36,['HN' 'LN'],281,20.0,5,HDBSCAN,best,haversine,eom,None,8,6,109,172,28.8623853211,-0.142195933865,11.5788511377,1.882350389,0.00351692137303,0.391285350618,0.215732282384,0.692307692308,0.97732587697
37,['HN' 'LN'],281,30.0,5,HDBSCAN,best,haversine,eom,None,11,11,171,110,23.4385964912,-0.0724324711279,13.3886712987,2.15707894019,0.00351692137303,0.420759428911,0.266538362348,0.720487804878,0.957346212506
38,['HN' 'LN'],281,40.0,5,HDBSCAN,best,haversine,eom,None,14,14,218,63,22.4128440367,0.0221100538567,22.6122857471,2.53125897337,0.00351692137303,0.456000528544,0.295411083729,0.739726027397,0.956304016268
39,['HN' 'LN'],281,50.0,5,HDBSCAN,best,haversine,eom,None,14,14,239,42,24.5690376569,0.0634810665896,46.3974359719,1.72977409422,0.00351692137303,0.460549184099,0.287246540149,0.727242190124,0.954245043213
40,['HN' 'LN'],281,10.0,2,HDBSCAN,best,haversine,leaf,None,40,40,182,99,7.03846153846,-0.124929631156,5.53936413904,2.39521353593,0.000393752782259,0.381656691731,0.0,0.577319587629,0.982892730046
41,['HN' 'LN'],281,20.0,2,HDBSCAN,best,haversine,leaf,None,29,29,131,150,24.3053435115,-0.154498193311,3.64031689131,2.11354444311,0.000393752782259,0.295104815062,0.70243560842,0.50030284676,0.978215556685
42,['HN' 'LN'],281,30.0,2,HDBSCAN,best,haversine,leaf,None,44,44,187,94,21.6096256684,-0.0043653869466,3.98209126353,5.22156165408,0.000406666942625,0.309682807852,0.610287897885,0.498048780488,0.971606507372
43,['HN' 'LN'],281,40.0,2,HDBSCAN,best,haversine,leaf,None,56,56,227,54,21.5814977974,0.0936760165193,6.69400533725,2.66172263931,0.000406666942625,0.289118884007,0.66369987874,0.450846091861,0.964056939502
44,['HN' 'LN'],281,50.0,2,HDBSCAN,best,haversine,leaf,None,58,58,263,18,22.536121673,0.0826977938744,20.9632604444,2.64767544674,0.000437227557833,0.285404651426,0.676654553497,0.431306684582,0.950076258261
45,['HN' 'LN'],281,10.0,3,HDBSCAN,best,haversine,leaf,None,36,36,244,37,6.35245901639,0.00302288316515,22.4160175437,2.48328884568,0.000566287424054,0.486934052503,0.0,0.697164948454,0.979842399593
46,['HN' 'LN'],281,20.0,3,HDBSCAN,best,haversine,leaf,None,15,14,119,162,26.6302521008,-0.15009565753,6.85497539574,2.48696681408,0.000566287424054,0.32339062903,0.575913229031,0.544518473652,0.975190645653
47,['HN' 'LN'],281,30.0,3,HDBSCAN,best,haversine,leaf,None,19,19,166,115,23.9156626506,-0.0458484400425,7.73563312996,4.76014476865,0.000566287424054,0.349995835812,0.457202623452,0.56243902439,0.966319267921
48,['HN' 'LN'],281,40.0,3,HDBSCAN,best,haversine,leaf,None,28,27,209,72,23.0765550239,0.0272466720504,10.0372513259,2.21535134821,0.000566287424054,0.364773427502,0.490513883908,0.564867042707,0.965073716319
49,['HN' 'LN'],281,50.0,3,HDBSCAN,best,haversine,leaf,None,30,30,253,28,22.9644268775,0.0331085281903,30.7965002243,3.79213532677,0.000628811982053,0.361455403982,0.505360315196,0.545851528384,0.952770716828
50,['HN' 'LN'],281,10.0,4,HDBSCAN,best,haversine,leaf,None,25,25,242,39,6.17768595041,0.0146690361512,34.8263089031,2.18969894191,0.000244734071176,0.525927635774,0.0,0.747422680412,0.973360447382
51,['HN' 'LN'],281,20.0,4,HDBSCAN,best,haversine,leaf,None,9,8,103,178,29.213592233,-0.14924971107,9.24646546349,3.19043749999,0.000244734071176,0.330325654734,0.425021860548,0.562689279225,0.976868327402
52,['HN' 'LN'],281,30.0,4,HDBSCAN,best,haversine,leaf,None,18,17,170,111,22.7941176471,-0.0262842786629,8.75994730972,2.65727669635,0.000244734071176,0.36986841166,0.404286400957,0.589268292683,0.969928825623
53,['HN' 'LN'],281,40.0,4,HDBSCAN,best,haversine,leaf,None,20,20,209,72,22.4497607656,0.0562521445744,13.6091831718,2.42909398722,0.000244734071176,0.380768446595,0.428779734721,0.582191780822,0.965455007626
54,['HN' 'LN'],281,50.0,4,HDBSCAN,best,haversine,leaf,None,21,21,249,32,22.8152610442,0.0858880621488,46.8004547335,1.93706430225,0.000244734071176,0.368031292197,0.477407287316,0.547195162916,0.950965937977
55,['HN' 'LN'],281,10.0,5,HDBSCAN,best,haversine,leaf,None,15,15,223,58,6.92376681614,-0.0145531885569,37.2270942513,3.70799082563,0.00304069767564,0.566623379211,0.0,0.822164948454,0.960726995425
56,['HN' 'LN'],281,20.0,5,HDBSCAN,best,haversine,leaf,None,8,6,109,172,28.8623853211,-0.142195933865,11.5788511377,1.882350389,0.00351692137303,0.391285350618,0.215732282384,0.692307692308,0.97732587697
57,['HN' 'LN'],281,30.0,5,HDBSCAN,best,haversine,leaf,None,11,11,171,110,23.4385964912,-0.0724324711279,13.3886712987,2.15707894019,0.00351692137303,0.420759428911,0.266538362348,0.720487804878,0.957346212506
58,['HN' 'LN'],281,40.0,5,HDBSCAN,best,haversine,leaf,None,14,14,218,63,22.4128440367,0.0221100538567,22.6122857471,2.53125897337,0.00351692137303,0.456000528544,0.295411083729,0.739726027397,0.956304016268
59,['HN' 'LN'],281,50.0,5,HDBSCAN,best,haversine,leaf,None,14,14,239,42,24.5690376569,0.0634810665896,46.3974359719,1.72977409422,0.00351692137303,0.460549184099,0.287246540149,0.727242190124,0.954245043213
60,['HN' 'LN'],281,10.0,2,OPTICS,auto,haversine,xi,None,19,19,57,224,12.3684210526,-0.484362990799,2.58249500183,1.83752745582,0.000393752782259,0.0586680638219,0.571145487925,0.0876288659794,0.98197763091
61,['HN' 'LN'],281,20.0,2,OPTICS,auto,haversine,xi,None,38,38,101,180,22.7722772277,-0.287131940956,2.1025227647,1.7674376452,0.000393752782259,0.0307799432167,0.822767037627,0.061175045427,0.960599898322
62,['HN' 'LN'],281,30.0,2,OPTICS,auto,haversine,xi,None,52,52,141,140,20.3617021277,-0.179073722513,2.32156122983,2.55424270809,0.000406666942625,0.0433669244497,0.736292360168,0.0687804878049,0.951296390442
63,['HN' 'LN'],281,40.0,2,OPTICS,auto,haversine,xi,None,62,62,169,112,20.1656804734,-0.0989213152551,3.51543984505,2.30346451615,0.000406666942625,0.0488607417402,0.765126693566,0.0692989524577,0.941001525165
64,['HN' 'LN'],281,50.0,2,OPTICS,auto,haversine,xi,None,70,70,197,84,20.7563451777,-0.055867252551,6.54042966913,2.54047315317,0.000430020926583,0.0525080933445,0.766055267106,0.070204904266,0.929257752923
65,['HN' 'LN'],281,10.0,3,OPTICS,auto,haversine,xi,None,16,16,70,211,12.6857142857,-0.361862371555,3.95641845377,1.92009286739,0.000244734071176,0.136131297162,0.562914787193,0.176546391753,0.9837061515
66,['HN' 'LN'],281,20.0,3,OPTICS,auto,haversine,xi,None,17,16,86,195,27.0,-0.300618141927,4.44077825336,2.27425724514,0.000244734071176,0.107823718606,0.716691853371,0.170199878861,0.96509913574
67,['HN' 'LN'],281,30.0,3,OPTICS,auto,haversine,xi,None,21,21,112,169,24.1339285714,-0.245962940608,5.07612585087,2.23872830609,0.000244734071176,0.104362046401,0.584765667069,0.156097560976,0.955465175394
68,['HN' 'LN'],281,40.0,3,OPTICS,auto,haversine,xi,None,26,26,136,145,22.6397058824,-0.187724341277,6.21034490333,1.82766119406,0.000244734071176,0.104493286392,0.622049711451,0.147864625302,0.945526182003
69,['HN' 'LN'],281,50.0,3,OPTICS,auto,haversine,xi,None,31,31,163,118,21.6993865031,-0.141496066115,10.9308375655,1.52235404427,0.000244734071176,0.105727439651,0.595718852068,0.142761168962,0.933807829181
70,['HN' 'LN'],281,10.0,4,OPTICS,auto,haversine,xi,None,8,8,51,230,13.8235294118,-0.338380310454,7.02591312492,1.36917176475,0.000566287424054,0.160345978584,0.508846496663,0.216494845361,0.984468734113
71,['HN' 'LN'],281,20.0,4,OPTICS,auto,haversine,xi,None,8,8,53,228,25.4716981132,-0.340950442085,7.55146145826,1.34998022098,0.000566287424054,0.0684497877871,0.584461077435,0.108419139915,0.962506354855
72,['HN' 'LN'],281,30.0,4,OPTICS,auto,haversine,xi,None,13,13,78,203,20.858974359,-0.355412343848,6.35428939229,2.53114730399,0.000566287424054,0.075300297442,0.527646229873,0.108780487805,0.953177427555
73,['HN' 'LN'],281,40.0,4,OPTICS,auto,haversine,xi,None,14,14,86,195,21.7093023256,-0.329529440246,6.79764220159,2.26531686462,0.000566287424054,0.0702392439099,0.610273423086,0.0987107171636,0.942755465175
74,['HN' 'LN'],281,50.0,4,OPTICS,auto,haversine,xi,None,17,17,109,172,21.4770642202,-0.282614736425,10.3863561589,1.66368636566,0.000566287424054,0.0748501923097,0.615063911299,0.100772589856,0.93080833757
75,['HN' 'LN'],281,10.0,5,OPTICS,auto,haversine,xi,None,7,7,65,216,17.1230769231,-0.271113213732,8.64019413546,1.29503668903,0.000244734071176,0.316326954246,0.366664758347,0.476804123711,0.988993390951
76,['HN' 'LN'],281,20.0,5,OPTICS,auto,haversine,xi,None,7,7,67,214,29.7611940299,-0.273677886292,9.29796982171,1.27996875515,0.000244734071176,0.120806691318,0.492247407194,0.245305875227,0.968251143874
77,['HN' 'LN'],281,30.0,5,OPTICS,auto,haversine,xi,None,10,10,85,196,27.1647058824,-0.303487696368,8.12635204829,1.37854790376,0.000244734071176,0.122075788221,0.478158511319,0.219512195122,0.959074733096
78,['HN' 'LN'],281,40.0,5,OPTICS,auto,haversine,xi,None,13,13,112,169,23.8660714286,-0.24023387838,8.07313102603,2.66193280738,0.000244734071176,0.131751917594,0.49704939979,0.208702659146,0.948881545501
79,['HN' 'LN'],281,50.0,5,OPTICS,auto,haversine,xi,None,14,14,135,146,23.2814814815,-0.191408272566,11.7285510335,2.21306004844,0.000244734071176,0.1369649679,0.516985554969,0.196842458851,0.935917641078
80,['HN' 'LN'],281,10.0,2,OPTICS,auto,haversine,dbscan,None,10,10,112,169,13.625,-0.12570911468,9.26621273373,1.59629156868,0.00726937971574,0.529617586885,0.0,0.98324742268,0.971733604474
81,['HN' 'LN'],281,20.0,2,OPTICS,auto,haversine,dbscan,None,14,14,131,150,24.3053435115,-0.0798871865366,7.95220831432,2.63224679616,0.00831102648227,0.486429860434,0.337140221704,0.950938824955,0.983274021352
82,['HN' 'LN'],281,30.0,2,OPTICS,auto,haversine,dbscan,None,18,18,187,94,21.6096256684,-0.0461237791045,10.5233999594,9.37284499326,0.0153715831539,0.529477453896,0.134682543024,0.980975609756,0.947966446365
83,['HN' 'LN'],281,40.0,2,OPTICS,auto,haversine,dbscan,None,13,13,227,54,21.5814977974,-0.300420364699,25.4796696107,1.2087691625,0.0202806212671,0.505754729784,0.124007778797,0.980660757454,0.822343670564
84,['HN' 'LN'],281,50.0,2,OPTICS,auto,haversine,dbscan,None,10,10,263,18,22.536121673,-0.250339928856,11.5349823712,1.54911116705,0.0306895239066,0.0264766411484,0.112382906051,0.991266375546,0.374173868836
85,['HN' 'LN'],281,10.0,3,OPTICS,auto,haversine,dbscan,None,8,8,110,171,13.9090909091,-0.0714056365902,10.7551650869,3.14350693937,0.00726937971574,0.532178300032,0.0,0.985824742268,0.971784443315
86,['HN' 'LN'],281,20.0,3,OPTICS,auto,haversine,dbscan,None,9,8,119,162,26.6386554622,-0.071194451718,10.7374112501,3.76433349776,0.00831102648227,0.483403227161,0.257000038985,0.947910357359,0.98314692425
87,['HN' 'LN'],281,30.0,3,OPTICS,auto,haversine,dbscan,None,10,10,171,110,23.5204678363,-0.00216132429927,15.8342665701,3.88362166163,0.0165117740634,0.525576442594,0.123360120758,0.977073170732,0.947763091002
88,['HN' 'LN'],281,40.0,3,OPTICS,auto,haversine,dbscan,None,7,7,215,66,22.7255813953,-0.0934458031594,29.0934525719,1.47282259413,0.0196365876171,0.503337892617,0.152692647029,0.978243352135,0.822191154042
89,['HN' 'LN'],281,50.0,3,OPTICS,auto,haversine,dbscan,None,5,5,253,28,23.3833992095,-0.0130980704797,13.126823066,2.16615377445,0.0306895239066,0.0247974364879,0.132555202755,0.989586832382,0.374046771734
90,['HN' 'LN'],281,10.0,4,OPTICS,auto,haversine,dbscan,None,5,5,99,182,15.2424242424,-0.00464151359646,15.3942493955,1.21419448153,0.00521284207024,0.520204226007,0.000308023646359,0.971649484536,0.973919674631
91,['HN' 'LN'],281,20.0,4,OPTICS,auto,haversine,dbscan,None,5,5,110,171,28.5454545455,0.00551212889319,17.701733034,1.22590708848,0.00831102648227,0.477360783124,0.00910067853749,0.941853422168,0.982892730046
92,['HN' 'LN'],281,30.0,4,OPTICS,auto,haversine,dbscan,None,9,9,168,113,23.9047619048,-0.00398907122486,16.2165033258,3.39332537707,0.0165117740634,0.524114455681,0.137066800843,0.975609756098,0.94768683274
93,['HN' 'LN'],281,40.0,4,OPTICS,auto,haversine,dbscan,None,4,4,201,80,24.144278607,-0.0225928134623,37.7204024864,1.99194708528,0.0196365876171,0.499643931066,0.0707019093755,0.973005640612,0.832460599898
94,['HN' 'LN'],281,50.0,4,OPTICS,auto,haversine,dbscan,None,3,2,240,41,24.5583333333,0.107657720162,12.4819872047,2.37311350348,0.0304018708401,0.0217617905679,0.234453141624,0.985220020155,0.385841382816
95,['HN' 'LN'],281,10.0,5,OPTICS,auto,haversine,dbscan,None,5,5,99,182,15.2424242424,-0.00464151359646,15.3942493955,1.21419448153,0.00521284207024,0.520204226007,0.000308023646359,0.971649484536,0.973919674631
96,['HN' 'LN'],281,20.0,5,OPTICS,auto,haversine,dbscan,None,5,5,110,171,28.5454545455,0.00551212889319,17.701733034,1.22590708848,0.00831102648227,0.477360783124,0.00910067853749,0.941853422168,0.982892730046
97,['HN' 'LN'],281,30.0,5,OPTICS,auto,haversine,dbscan,None,7,7,156,125,25.4935897436,-0.0178667742523,19.0807889283,2.14707583422,0.0126053491609,0.516443069601,0.0693698231866,0.966829268293,0.950177935943
98,['HN' 'LN'],281,40.0,5,OPTICS,auto,haversine,dbscan,None,6,6,195,86,24.8153846154,-0.0383743829535,28.5879410959,1.68629705692,0.0148834414607,0.518247254528,0.136357075001,0.967767929089,0.887315709202
99,['HN' 'LN'],281,50.0,5,OPTICS,auto,haversine,dbscan,None,4,4,231,50,25.4025974026,0.0555574545885,26.8803530775,2.13276850647,0.0204744830342,0.0508670267821,0.174463840291,0.97883775613,0.548068124047
100,['HN' 'LN'],281,10.0,2,AFFINITYPROPAGATION,None,precomputed,None,None,2,2,270,11,5.74814814815,0.0185993331513,203.766419034,2.20623826772,0.0126960319929,0.478743755978,0.0,1.0,0.559481443823
101,['HN' 'LN'],281,20.0,2,AFFINITYPROPAGATION,None,precomputed,None,None,2,2,131,150,24.3053435115,0.0544261065126,38.0391179412,1.87118433725,0.00831102648227,0.445473275562,0.0319729642348,0.950938824955,0.926487036096
102,['HN' 'LN'],281,30.0,2,AFFINITYPROPAGATION,None,precomputed,None,None,2,2,187,94,21.6096256684,0.0784785569402,58.1844661259,2.2721195754,0.0118086255579,0.476169066032,0.0137359508136,0.979024390244,0.830071174377
103,['HN' 'LN'],281,40.0,2,AFFINITYPROPAGATION,None,precomputed,None,None,2,2,227,54,21.5814977974,0.0653113384477,97.4523080902,2.20767619275,0.0118086255579,0.481950868169,0.0245235771339,0.975020145044,0.735053380783
104,['HN' 'LN'],281,50.0,2,AFFINITYPROPAGATION,None,precomputed,None,None,2,2,263,18,22.536121673,0.040169593031,178.443279849,2.08904483543,0.0126960319929,0.486100637865,0.0228500655731,0.983876385623,0.636858159634
105,['HN' 'LN'],281,10.0,3,AFFINITYPROPAGATION,None,precomputed,None,None,2,2,270,11,5.74814814815,0.0185993331513,203.766419034,2.20623826772,0.0126960319929,0.478743755978,0.0,1.0,0.559481443823
106,['HN' 'LN'],281,20.0,3,AFFINITYPROPAGATION,None,precomputed,None,None,2,2,131,150,24.3053435115,0.0544261065126,38.0391179412,1.87118433725,0.00831102648227,0.445473275562,0.0319729642348,0.950938824955,0.926487036096
107,['HN' 'LN'],281,30.0,3,AFFINITYPROPAGATION,None,precomputed,None,None,2,2,187,94,21.6096256684,0.0784785569402,58.1844661259,2.2721195754,0.0118086255579,0.476169066032,0.0137359508136,0.979024390244,0.830071174377
108,['HN' 'LN'],281,40.0,3,AFFINITYPROPAGATION,None,precomputed,None,None,2,2,227,54,21.5814977974,0.0653113384477,97.4523080902,2.20767619275,0.0118086255579,0.481950868169,0.0245235771339,0.975020145044,0.735053380783
109,['HN' 'LN'],281,50.0,3,AFFINITYPROPAGATION,None,precomputed,None,None,2,2,263,18,22.536121673,0.040169593031,178.443279849,2.08904483543,0.0126960319929,0.486100637865,0.0228500655731,0.983876385623,0.636858159634
110,['HN' 'LN'],281,10.0,4,AFFINITYPROPAGATION,None,precomputed,None,None,2,2,270,11,5.74814814815,0.0185993331513,203.766419034,2.20623826772,0.0126960319929,0.478743755978,0.0,1.0,0.559481443823
111,['HN' 'LN'],281,20.0,4,AFFINITYPROPAGATION,None,precomputed,None,None,2,2,131,150,24.3053435115,0.0544261065126,38.0391179412,1.87118433725,0.00831102648227,0.445473275562,0.0319729642348,0.950938824955,0.926487036096
112,['HN' 'LN'],281,30.0,4,AFFINITYPROPAGATION,None,precomputed,None,None,2,2,187,94,21.6096256684,0.0784785569402,58.1844661259,2.2721195754,0.0118086255579,0.476169066032,0.0137359508136,0.979024390244,0.830071174377
113,['HN' 'LN'],281,40.0,4,AFFINITYPROPAGATION,None,precomputed,None,None,2,2,227,54,21.5814977974,0.0653113384477,97.4523080902,2.20767619275,0.0118086255579,0.481950868169,0.0245235771339,0.975020145044,0.735053380783
114,['HN' 'LN'],281,50.0,4,AFFINITYPROPAGATION,None,precomputed,None,None,2,2,263,18,22.536121673,0.040169593031,178.443279849,2.08904483543,0.0126960319929,0.486100637865,0.0228500655731,0.983876385623,0.636858159634
115,['HN' 'LN'],281,10.0,5,AFFINITYPROPAGATION,None,precomputed,None,None,2,2,270,11,5.74814814815,0.0185993331513,203.766419034,2.20623826772,0.0126960319929,0.478743755978,0.0,1.0,0.559481443823
116,['HN' 'LN'],281,20.0,5,AFFINITYPROPAGATION,None,precomputed,None,None,2,2,131,150,24.3053435115,0.0544261065126,38.0391179412,1.87118433725,0.00831102648227,0.445473275562,0.0319729642348,0.950938824955,0.926487036096
117,['HN' 'LN'],281,30.0,5,AFFINITYPROPAGATION,None,precomputed,None,None,2,2,187,94,21.6096256684,0.0784785569402,58.1844661259,2.2721195754,0.0118086255579,0.476169066032,0.0137359508136,0.979024390244,0.830071174377
118,['HN' 'LN'],281,40.0,5,AFFINITYPROPAGATION,None,precomputed,None,None,2,2,227,54,21.5814977974,0.0653113384477,97.4523080902,2.20767619275,0.0118086255579,0.481950868169,0.0245235771339,0.975020145044,0.735053380783
119,['HN' 'LN'],281,50.0,5,AFFINITYPROPAGATION,None,precomputed,None,None,2,2,263,18,22.536121673,0.040169593031,178.443279849,2.08904483543,0.0126960319929,0.486100637865,0.0228500655731,0.983876385623,0.636858159634
120,['HN' 'LN'],281,10.0,2,BIRCH,None,haversine,None,None,8,8,96,185,15.6666666667,-0.170408766378,9.2964896452,1.33370818746,0.00149069354025,0.421592690509,0.311422384308,0.743556701031,0.983248601932
121,['HN' 'LN'],281,20.0,2,BIRCH,None,haversine,None,None,18,18,131,150,24.3053435115,-0.138997249266,6.11498290142,2.40681234953,0.00183489507696,0.450959919671,0.435520746436,0.886735311932,0.990620233859
122,['HN' 'LN'],281,30.0,2,BIRCH,None,haversine,None,None,23,23,181,100,22.2651933702,-0.0162558783575,8.03461072854,3.55779145721,0.00703363028978,0.522996073766,0.328643494767,0.934634146341,0.989450940519
123,['HN' 'LN'],281,40.0,2,BIRCH,None,haversine,None,None,29,29,224,57,21.84375,0.0958138469121,12.9235598433,2.6269487653,0.00443808748496,0.560668399909,0.335757130525,0.931909750201,0.986095577021
124,['HN' 'LN'],281,50.0,2,BIRCH,None,haversine,None,None,30,30,263,18,22.536121673,0.150667018659,47.3426237923,3.27489131984,0.00807200173124,0.547893101394,0.271753877986,0.867987907289,0.982943568887
125,['HN' 'LN'],281,10.0,3,BIRCH,None,haversine,None,None,35,16,121,160,12.826446281,-0.0843928655156,3.71003253569,2.82252007719,0.00149069354025,0.447319388352,0.0,0.769329896907,0.983096085409
126,['HN' 'LN'],281,20.0,3,BIRCH,None,haversine,None,None,13,11,117,164,27.0854700855,-0.166671260689,7.37895232495,3.13020585333,0.00183489507696,0.447933653264,0.395903363625,0.883706844337,0.990493136756
127,['HN' 'LN'],281,30.0,3,BIRCH,None,haversine,None,None,17,17,169,112,23.7337278107,-0.0254476338076,9.23523944168,2.98491065691,0.00681026954908,0.52007138608,0.330761466831,0.931707317073,0.989298423996
128,['HN' 'LN'],281,40.0,3,BIRCH,None,haversine,None,None,22,22,210,71,23.2047619048,0.107675482802,11.4015356669,2.86761832618,0.00429715108839,0.557849392337,0.353156045051,0.929089443997,0.985917641078
129,['HN' 'LN'],281,50.0,3,BIRCH,None,haversine,None,None,28,27,257,24,23.046692607,0.156918071243,40.1260463408,4.1648929644,0.00807200173124,0.547221396962,0.28487271455,0.867316090024,0.982892730046
130,['HN' 'LN'],281,10.0,4,BIRCH,None,haversine,None,None,16,9,100,181,15.33,-0.186755223836,5.6639158874,2.99559865193,0.00149069354025,0.438306242693,0.276819897162,0.760309278351,0.983223182511
131,['HN' 'LN'],281,20.0,4,BIRCH,None,haversine,None,None,11,6,102,179,30.5588235294,-0.170309153483,8.76516550515,1.71758128819,0.00183489507696,0.440706419874,0.179945383647,0.876438522108,0.990188103711
132,['HN' 'LN'],281,30.0,4,BIRCH,None,haversine,None,None,14,14,160,121,24.7375,-0.02186526095,9.31422003758,3.60709269131,0.00681026954908,0.516222129685,0.29941294536,0.927804878049,0.989120488053
133,['HN' 'LN'],281,40.0,4,BIRCH,None,haversine,None,None,19,18,198,83,24.5,0.0862768869688,11.413308619,2.95187162873,0.00429715108839,0.555033469019,0.3268514505,0.926269137792,0.985790543976
134,['HN' 'LN'],281,50.0,4,BIRCH,None,haversine,None,None,24,21,239,42,24.6569037657,0.148526613688,27.2679305705,2.11433179228,0.00726937971574,0.543530858968,0.297306745727,0.863621095062,0.982638535841
135,['HN' 'LN'],281,10.0,5,BIRCH,None,haversine,None,None,9,8,96,185,15.7291666667,-0.152863002938,8.71477392284,1.30699387339,0.00149069354025,0.425448706026,0.311422384308,0.747422680412,0.983248601932
136,['HN' 'LN'],281,20.0,5,BIRCH,None,haversine,None,None,11,6,102,179,30.5588235294,-0.170309153483,8.76516550515,1.71758128819,0.00183489507696,0.440706419874,0.179945383647,0.876438522108,0.990188103711
137,['HN' 'LN'],281,30.0,5,BIRCH,None,haversine,None,None,13,13,156,125,25.2692307692,-0.0382890496976,9.73072923068,3.38830733581,0.00681026954908,0.513306722189,0.287214358084,0.92487804878,0.98896797153
138,['HN' 'LN'],281,40.0,5,BIRCH,None,haversine,None,None,15,12,174,107,27.4885057471,0.026545680071,11.4660302787,2.91696713223,0.00429715108839,0.547810228813,0.254686334835,0.919016921837,0.985663446873
139,['HN' 'LN'],281,50.0,5,BIRCH,None,haversine,None,None,24,20,235,46,25.0765957447,0.148526613688,27.2679305705,2.11433179228,0.00726937971574,0.543530858968,0.287434896638,0.863621095062,0.982638535841
140,['HN' 'LN'],281,10.0,2,GREEDY,None,haversine,None,random,16,16,201,80,5.71641791045,-0.304130025579,0.77392370692,23.3503233178,0.000153565764082,0.00146219709852,0.0,0.0786082474227,0.925444839858
141,['HN' 'LN'],281,20.0,2,GREEDY,None,haversine,None,random,9,9,103,178,25.2621359223,-0.372552282757,0.991825616667,15.2983509671,0.000152992803727,-0.00299434918396,0.92813903348,0.109630526953,0.942577529232
142,['HN' 'LN'],281,30.0,2,GREEDY,None,haversine,None,random,11,11,144,137,20.7847222222,-0.378669729321,0.816018646801,32.1967353412,0.000157274927683,0.000301725163593,0.943060323202,0.0975609756098,0.904422979156
143,['HN' 'LN'],281,40.0,2,GREEDY,None,haversine,None,random,10,10,203,78,22.275862069,-0.385059463233,1.45349550817,12.6263741544,0.000153565764082,-0.000665630573976,0.907028421129,0.17929089444,0.844001016777
144,['HN' 'LN'],281,50.0,2,GREEDY,None,haversine,None,random,8,8,243,38,22.7572016461,-0.167042767495,1.09325183633,17.9251132191,0.000157976127885,-0.00174944420492,0.895029685866,0.180047027209,0.801194712761
145,['HN' 'LN'],281,10.0,3,GREEDY,None,haversine,None,random,10,10,238,43,5.71428571429,-0.37174373977,1.69578634468,31.7848089016,0.000166306879271,0.0312624548305,0.0,0.215206185567,0.84710218607
146,['HN' 'LN'],281,20.0,3,GREEDY,None,haversine,None,random,8,8,112,169,23.125,-0.327706643013,1.36700737047,14.6478707182,0.000152280487701,-0.00133703817703,0.914941978521,0.125984251969,0.937086934418
147,['HN' 'LN'],281,30.0,3,GREEDY,None,haversine,None,random,11,11,149,132,21.0872483221,-0.366348209388,0.802937931301,11.894860987,0.000157274927683,0.000583700178465,0.938756639937,0.116097560976,0.89997458058
148,['HN' 'LN'],281,40.0,3,GREEDY,None,haversine,None,random,9,9,202,79,21.9257425743,-0.32658715043,1.57341054747,13.8626069699,0.000153565764082,-0.000541773452176,0.899647227307,0.179693795326,0.842552109812
149,['HN' 'LN'],281,50.0,3,GREEDY,None,haversine,None,random,8,8,243,38,22.7572016461,-0.167042767495,1.09325183633,17.9251132191,0.000157976127885,-0.00174944420492,0.895029685866,0.180047027209,0.801194712761
150,['HN' 'LN'],281,10.0,4,GREEDY,None,haversine,None,random,10,10,238,43,5.71428571429,-0.37174373977,1.69578634468,31.7848089016,0.000166306879271,0.0312624548305,0.0,0.215206185567,0.84710218607
151,['HN' 'LN'],281,20.0,4,GREEDY,None,haversine,None,random,7,7,109,172,22.7064220183,-0.270168606822,1.53601626463,16.1104413463,0.000152280487701,-0.00113966500122,0.903540953638,0.125378558449,0.937112353838
152,['HN' 'LN'],281,30.0,4,GREEDY,None,haversine,None,random,8,8,140,141,20.3928571429,-0.303754727568,0.797941871962,13.0503010954,0.000157274927683,-1.41582391434e-05,0.921657867997,0.114634146341,0.900050838841
153,['HN' 'LN'],281,40.0,4,GREEDY,None,haversine,None,random,8,8,199,82,21.5728643216,-0.199887211152,1.7262952531,13.6702189283,0.000153565764082,-0.000445593446059,0.888892205522,0.17929089444,0.842577529232
154,['HN' 'LN'],281,50.0,4,GREEDY,None,haversine,None,random,7,7,240,41,22.5958333333,-0.138846893775,1.2224786664,16.50922424,0.000157976127885,-0.00192089639425,0.880282740221,0.179711118576,0.801220132181
155,['HN' 'LN'],281,10.0,5,GREEDY,None,haversine,None,random,10,7,226,55,6.01769911504,-0.37174373977,1.69578634468,31.7848089016,0.000166306879271,0.0312624548305,0.823114990182,0.215206185567,0.84710218607
156,['HN' 'LN'],281,20.0,5,GREEDY,None,haversine,None,random,6,6,105,176,23.1428571429,-0.230058374762,1.59201708693,16.3831890763,0.000152280487701,-0.0016541926575,0.890282758149,0.12477286493,0.93721403152
157,['HN' 'LN'],281,30.0,5,GREEDY,None,haversine,None,random,8,8,140,141,20.3928571429,-0.303754727568,0.797941871962,13.0503010954,0.000157274927683,-1.41582391434e-05,0.921657867997,0.114634146341,0.900050838841
158,['HN' 'LN'],281,40.0,5,GREEDY,None,haversine,None,random,7,7,195,86,21.3179487179,-0.198022431236,1.44818098478,15.1043497997,0.000153565764082,-0.000345030553588,0.875695391212,0.178887993554,0.842679206914
159,['HN' 'LN'],281,50.0,5,GREEDY,None,haversine,None,random,7,7,240,41,22.5958333333,-0.138846893775,1.2224786664,16.50922424,0.000157976127885,-0.00192089639425,0.880282740221,0.179711118576,0.801220132181
160,['HN' 'LN'],281,10.0,2,GREEDY,None,haversine,None,integer,7,7,226,55,5.76991150442,-0.131400322651,2.03901734513,27.4610347942,0.000166306879271,0.0282541981082,0.823114990182,0.211340206186,0.847407219115
161,['HN' 'LN'],281,20.0,2,GREEDY,None,haversine,None,integer,9,9,114,167,23.5087719298,-0.395326316178,1.27140917292,13.8967874401,0.000152280487701,-0.00110261167268,0.922394132735,0.126589945488,0.937112353838
162,['HN' 'LN'],281,30.0,2,GREEDY,None,haversine,None,integer,11,11,149,132,21.0872483221,-0.366348209388,0.802937931301,11.894860987,0.000157274927683,0.000583700178465,0.938756639937,0.116097560976,0.89997458058
163,['HN' 'LN'],281,40.0,2,GREEDY,None,haversine,None,integer,10,10,204,77,22.1862745098,-0.384305892081,1.45017618664,12.9595402154,0.000153565764082,-0.000329609286784,0.906691370612,0.180096696213,0.842577529232
164,['HN' 'LN'],281,50.0,2,GREEDY,None,haversine,None,integer,8,8,243,38,22.7572016461,-0.167042767495,1.09325183633,17.9251132191,0.000157976127885,-0.00174944420492,0.895029685866,0.180047027209,0.801194712761
165,['HN' 'LN'],281,10.0,3,GREEDY,None,haversine,None,integer,10,10,238,43,5.71428571429,-0.37174373977,1.69578634468,31.7848089016,0.000166306879271,0.0312624548305,0.0,0.215206185567,0.84710218607
166,['HN' 'LN'],281,20.0,3,GREEDY,None,haversine,None,integer,8,8,112,169,23.125,-0.327706643013,1.36700737047,14.6478707182,0.000152280487701,-0.00133703817703,0.914941978521,0.125984251969,0.937086934418
167,['HN' 'LN'],281,30.0,3,GREEDY,None,haversine,None,integer,11,11,149,132,21.0872483221,-0.366348209388,0.802937931301,11.894860987,0.000157274927683,0.000583700178465,0.938756639937,0.116097560976,0.89997458058
168,['HN' 'LN'],281,40.0,3,GREEDY,None,haversine,None,integer,9,9,202,79,21.9257425743,-0.32658715043,1.57341054747,13.8626069699,0.000153565764082,-0.000541773452176,0.899647227307,0.179693795326,0.842552109812
169,['HN' 'LN'],281,50.0,3,GREEDY,None,haversine,None,integer,8,8,243,38,22.7572016461,-0.167042767495,1.09325183633,17.9251132191,0.000157976127885,-0.00174944420492,0.895029685866,0.180047027209,0.801194712761
170,['HN' 'LN'],281,10.0,4,GREEDY,None,haversine,None,integer,10,10,238,43,5.71428571429,-0.37174373977,1.69578634468,31.7848089016,0.000166306879271,0.0312624548305,0.0,0.215206185567,0.84710218607
171,['HN' 'LN'],281,20.0,4,GREEDY,None,haversine,None,integer,7,7,109,172,22.7064220183,-0.270168606822,1.53601626463,16.1104413463,0.000152280487701,-0.00113966500122,0.903540953638,0.125378558449,0.937112353838
172,['HN' 'LN'],281,30.0,4,GREEDY,None,haversine,None,integer,8,8,140,141,20.3928571429,-0.303754727568,0.797941871962,13.0503010954,0.000157274927683,-1.41582391434e-05,0.921657867997,0.114634146341,0.900050838841
173,['HN' 'LN'],281,40.0,4,GREEDY,None,haversine,None,integer,8,8,199,82,21.5728643216,-0.199887211152,1.7262952531,13.6702189283,0.000153565764082,-0.000445593446059,0.888892205522,0.17929089444,0.842577529232
174,['HN' 'LN'],281,50.0,4,GREEDY,None,haversine,None,integer,7,7,240,41,22.5958333333,-0.138846893775,1.2224786664,16.50922424,0.000157976127885,-0.00192089639425,0.880282740221,0.179711118576,0.801220132181
175,['HN' 'LN'],281,10.0,5,GREEDY,None,haversine,None,integer,10,7,226,55,6.01769911504,-0.37174373977,1.69578634468,31.7848089016,0.000166306879271,0.0312624548305,0.823114990182,0.215206185567,0.84710218607
176,['HN' 'LN'],281,20.0,5,GREEDY,None,haversine,None,integer,6,6,105,176,23.1428571429,-0.230058374762,1.59201708693,16.3831890763,0.000152280487701,-0.0016541926575,0.890282758149,0.12477286493,0.93721403152
177,['HN' 'LN'],281,30.0,5,GREEDY,None,haversine,None,integer,8,8,140,141,20.3928571429,-0.303754727568,0.797941871962,13.0503010954,0.000157274927683,-1.41582391434e-05,0.921657867997,0.114634146341,0.900050838841
178,['HN' 'LN'],281,40.0,5,GREEDY,None,haversine,None,integer,7,7,195,86,21.3179487179,-0.198022431236,1.44818098478,15.1043497997,0.000153565764082,-0.000345030553588,0.875695391212,0.178887993554,0.842679206914
179,['HN' 'LN'],281,50.0,5,GREEDY,None,haversine,None,integer,7,7,240,41,22.5958333333,-0.138846893775,1.2224786664,16.50922424,0.000157976127885,-0.00192089639425,0.880282740221,0.179711118576,0.801220132181
180,['HN' 'LN'],281,10.0,2,ASYNC-LPA,None,None,None,random,9,9,235,46,5.54042553191,-0.217452389828,1.90303927785,20.7144191172,0.000157976127885,0.0093153828781,0.891713385922,0.170103092784,0.857193695984
181,['HN' 'LN'],281,20.0,2,ASYNC-LPA,None,None,None,random,11,11,106,175,23.7452830189,-0.457344894136,1.38900261727,9.41631838764,0.000152280487701,-0.00199867855357,0.934749728765,0.101756511205,0.942730045755
182,['HN' 'LN'],281,30.0,2,ASYNC-LPA,None,None,None,random,14,14,142,139,21.676056338,-0.49043236037,1.04839373816,18.1054460605,0.000157274927683,-0.00402058298632,0.950437265262,0.0609756097561,0.91975088968
183,['HN' 'LN'],281,40.0,2,ASYNC-LPA,None,None,None,random,15,15,197,84,21.8324873096,-0.477303216126,0.978161496439,14.4476989801,0.000153565764082,0.00269052406984,0.938935507648,0.111200644641,0.873182511439
184,['HN' 'LN'],281,50.0,2,ASYNC-LPA,None,None,None,random,10,10,212,69,23.5518867925,-0.21940664026,1.45897386162,15.4170469693,0.000157976127885,0.00104648458696,0.917112001738,0.146120255291,0.832994407728
185,['HN' 'LN'],281,10.0,3,ASYNC-LPA,None,None,None,random,10,10,217,64,5.97695852535,-0.298500453078,1.4034213765,15.9163728678,0.000158723960768,0.00976458709746,0.90608474435,0.166237113402,0.865734621251
186,['HN' 'LN'],281,20.0,3,ASYNC-LPA,None,None,None,random,11,11,106,175,23.4622641509,-0.399482841965,1.34155792472,17.3108986301,0.000152280487701,-0.00137372464094,0.942788797027,0.102362204724,0.942958820539
187,['HN' 'LN'],281,30.0,3,ASYNC-LPA,None,None,None,random,12,12,147,134,21.3265306122,-0.325573291761,0.657380413017,18.0840113861,0.000157274927683,0.000675669244497,0.940797389902,0.0907317073171,0.910371123538
188,['HN' 'LN'],281,40.0,3,ASYNC-LPA,None,None,None,random,12,12,188,93,21.0478723404,-0.377829756166,1.31414427472,12.7670991845,0.000153565764082,0.00160324359563,0.930441784945,0.111603545528,0.871631926792
189,['HN' 'LN'],281,50.0,3,ASYNC-LPA,None,None,None,random,13,13,224,57,23.40625,-0.254311211481,1.25383267584,39.4299157884,0.000164173387924,0.000695794620249,0.936131313484,0.131676184078,0.840188103711
190,['HN' 'LN'],281,10.0,4,ASYNC-LPA,None,None,None,random,15,15,235,46,6.08085106383,-0.390153376436,0.790711449144,43.1799737034,0.000167114276481,0.0120488030078,0.936938931715,0.128865979381,0.892399593289
191,['HN' 'LN'],281,20.0,4,ASYNC-LPA,None,None,None,random,9,9,99,182,22.7575757576,-0.398419650088,1.2060894633,60.3608348746,0.000152280487701,-0.0035413443608,0.934314966805,0.0860084797093,0.944331469243
192,['HN' 'LN'],281,30.0,4,ASYNC-LPA,None,None,None,random,10,10,130,151,21.1307692308,-0.320448093795,0.855568462165,27.5227113717,0.000157274927683,-0.00503010113028,0.946195161223,0.0624390243902,0.918810371124
193,['HN' 'LN'],281,40.0,4,ASYNC-LPA,None,None,None,random,11,11,188,93,20.6755319149,-0.262241414691,1.10818298871,25.0546222011,0.000153565764082,-0.00351036731185,0.9314791157,0.134971796938,0.863091001525
194,['HN' 'LN'],281,50.0,4,ASYNC-LPA,None,None,None,random,12,12,213,68,23.6713615023,-0.252112904082,1.30575821588,20.1243157264,0.000164173387924,0.00130092663166,0.930902241585,0.131340275445,0.841738688358
195,['HN' 'LN'],281,10.0,5,ASYNC-LPA,None,None,None,random,13,13,230,51,6.0,-0.324835112088,0.910840364578,17.7292947346,0.000158723960768,0.00644246864704,0.92588115056,0.148195876289,0.867590238943
196,['HN' 'LN'],281,20.0,5,ASYNC-LPA,None,None,None,random,8,8,95,186,22.5789473684,-0.312350587323,1.13736050526,14.6152983993,0.000152280487701,-0.00461093821596,0.931177402627,0.0811629315566,0.945399084901
197,['HN' 'LN'],281,30.0,5,ASYNC-LPA,None,None,None,random,9,9,126,155,20.3015873016,-0.354679638769,0.7877341515,21.2306730417,0.000157274927683,-0.00227233789411,0.938274585519,0.0765853658537,0.913548551093
198,['HN' 'LN'],281,40.0,5,ASYNC-LPA,None,None,None,random,11,11,184,97,20.777173913,-0.311539826238,1.38036857715,11.0290557482,0.000153565764082,-0.000128321172718,0.930478918328,0.113215149073,0.8697763091
199,['HN' 'LN'],281,50.0,5,ASYNC-LPA,None,None,None,random,10,10,205,76,23.6780487805,-0.228453439824,1.56568380766,16.7508513932,0.000157976127885,0.00122465043556,0.920445663596,0.142425260329,0.836400610066
200,['HN' 'LN'],281,10.0,2,LPC,None,None,None,None,12,12,220,61,5.89545454545,-0.308362021157,1.03554799491,20.5623527941,0.000158723960768,0.00398305478797,0.923301560488,0.10824742268,0.899517031012
201,['HN' 'LN'],281,20.0,2,LPC,None,None,None,None,9,9,91,190,24.043956044,-0.448806939232,1.54459458198,8.36999395189,0.000152280487701,-0.000562220059351,0.930649011998,0.0902483343428,0.945551601423
202,['HN' 'LN'],281,30.0,2,LPC,None,None,None,None,11,11,132,149,20.8939393939,-0.367554646541,0.542888219504,26.7754830154,0.000157274927683,-0.00143890541344,0.943811143059,0.0673170731707,0.918225724453
203,['HN' 'LN'],281,40.0,2,LPC,None,None,None,None,16,16,193,88,22.3730569948,-0.45519334453,1.19469187667,19.2332223645,0.000153565764082,-0.00296307466945,0.941227238601,0.122078968574,0.867590238943
204,['HN' 'LN'],281,50.0,2,LPC,None,None,None,None,13,13,213,68,23.1596244131,-0.252421480651,1.48596477153,27.9526348084,0.000164173387924,-0.000906456836418,0.937730469427,0.117903930131,0.846695475343
205,['HN' 'LN'],281,10.0,3,LPC,None,None,None,None,13,13,222,59,6.22522522523,-0.294759244328,1.67971664427,22.6631523864,0.000153565764082,0.0187129676374,0.922489613087,0.130154639175,0.902872394509
206,['HN' 'LN'],281,20.0,3,LPC,None,None,None,None,8,8,89,192,22.6179775281,-0.397359287342,1.32033314906,16.5036236903,0.000152280487701,0.00139041698202,0.926813084776,0.0829800121139,0.945297407219
207,['HN' 'LN'],281,30.0,3,LPC,None,None,None,None,11,11,135,146,20.2074074074,-0.34531432152,0.487273018053,35.340857846,0.000157274927683,-0.00183248066627,0.946804514937,0.0639024390244,0.91858159634
208,['HN' 'LN'],281,40.0,3,LPC,None,None,None,None,14,14,188,93,21.9042553191,-0.392823246792,1.26871944575,22.1237505659,0.000153565764082,-0.00415797935303,0.94364427094,0.120467365028,0.867641077783
209,['HN' 'LN'],281,50.0,3,LPC,None,None,None,None,13,13,213,68,23.1596244131,-0.252421480651,1.48596477153,27.9526348084,0.000164173387924,-0.000906456836418,0.937730469427,0.117903930131,0.846695475343
210,['HN' 'LN'],281,10.0,4,LPC,None,None,None,None,13,13,222,59,6.22522522523,-0.294759244328,1.67971664427,22.6631523864,0.000153565764082,0.0187129676374,0.922489613087,0.130154639175,0.902872394509
211,['HN' 'LN'],281,20.0,4,LPC,None,None,None,None,7,7,86,195,22.3255813953,-0.38097492509,1.51143669556,14.4738171009,0.000152280487701,0.00120551720393,0.918842372253,0.0823743185948,0.94532282664
212,['HN' 'LN'],281,30.0,4,LPC,None,None,None,None,11,11,135,146,20.2074074074,-0.34531432152,0.487273018053,35.340857846,0.000157274927683,-0.00183248066627,0.946804514937,0.0639024390244,0.91858159634
213,['HN' 'LN'],281,40.0,4,LPC,None,None,None,None,12,12,182,99,21.2032967033,-0.244250736406,1.30074828529,15.3483959347,0.000153565764082,-0.00486127028384,0.940203655306,0.118855761483,0.867590238943
214,['HN' 'LN'],281,50.0,4,LPC,None,None,None,None,12,12,210,71,22.980952381,-0.250817597875,1.59947366675,25.5493414236,0.000164173387924,-0.00107790902574,0.932686483097,0.117568021498,0.846720894764
215,['HN' 'LN'],281,10.0,5,LPC,None,None,None,None,13,13,222,59,6.22522522523,-0.294759244328,1.67971664427,22.6631523864,0.000153565764082,0.0187129676374,0.922489613087,0.130154639175,0.902872394509
216,['HN' 'LN'],281,20.0,5,LPC,None,None,None,None,5,5,78,203,22.7564102564,-0.253163714872,1.59071269825,10.800295974,0.000152280487701,-0.000503338284783,0.897138682546,0.0799515445185,0.945424504321
217,['HN' 'LN'],281,30.0,5,LPC,None,None,None,None,10,10,131,150,20.0381679389,-0.32077188871,0.522638799595,37.4084220229,0.000157274927683,-0.00194527067222,0.942668823494,0.0634146341463,0.918683274021
218,['HN' 'LN'],281,40.0,5,LPC,None,None,None,None,11,11,178,103,20.9157303371,-0.244715072267,1.10184721367,16.3631633362,0.000153565764082,-0.00476070739136,0.936470359816,0.118452860596,0.867691916624
219,['HN' 'LN'],281,50.0,5,LPC,None,None,None,None,11,11,206,75,22.927184466,-0.245206568883,1.73294769457,26.6103147559,0.000164173387924,-0.00123813417141,0.92882178011,0.117232112865,0.846822572445
220,['HN' 'LN'],281,10.0,2,GIRVAN-NEWMAN,None,None,None,None,9,9,205,76,5.94634146341,-0.192550936296,1.44718403139,18.6313813744,0.000153565764082,0.00778011744075,0.917252263788,0.122422680412,0.89768683274
221,['HN' 'LN'],281,20.0,2,GIRVAN-NEWMAN,None,None,None,None,11,11,110,171,24.0636363636,-0.462549631267,1.42279124636,12.2102552077,0.000152280487701,0.0136420450356,0.916923652602,0.114476075106,0.945627859685
222,['HN' 'LN'],281,30.0,2,GIRVAN-NEWMAN,None,None,None,None,12,12,151,130,21.6092715232,-0.350672722259,0.884600461425,14.5553646621,0.000157274927683,-0.00191826293873,0.94259111369,0.0990243902439,0.907727503813
223,['HN' 'LN'],281,40.0,2,GIRVAN-NEWMAN,None,None,None,None,7,7,207,74,22.1207729469,-0.356433915339,1.61768886816,12.9703599602,0.000157274927683,-0.00625876171448,0.848101511738,0.292103142627,0.794814438231
224,['HN' 'LN'],281,50.0,2,GIRVAN-NEWMAN,None,None,None,None,4,4,241,40,22.7136929461,-0.133623905422,1.21916743081,10.2107144644,0.000188802328315,0.00596161659951,0.782653396657,0.373866308364,0.651982714794
225,['HN' 'LN'],281,10.0,3,GIRVAN-NEWMAN,None,None,None,None,7,7,230,51,5.89130434783,-0.339328852871,0.611984183882,12.755113643,0.000165341335689,0.0178926094697,0.866468030753,0.324742268041,0.72615658363
226,['HN' 'LN'],281,20.0,3,GIRVAN-NEWMAN,None,None,None,None,7,7,107,174,23.0186915888,-0.291767858071,1.53292925476,12.3741236161,0.000152280487701,0.0176320648499,0.886904636191,0.152634766808,0.939578037621
227,['HN' 'LN'],281,30.0,3,GIRVAN-NEWMAN,None,None,None,None,10,10,147,134,21.3129251701,-0.322523201795,0.98268963637,14.1821496231,0.000157274927683,-0.00223497917906,0.930767560375,0.105365853659,0.905592272496
228,['HN' 'LN'],281,40.0,3,GIRVAN-NEWMAN,None,None,None,None,7,7,207,74,22.1207729469,-0.354226366935,1.54686416511,12.0021838449,0.000157274927683,-0.00683925066279,0.869556700719,0.292103142627,0.793136756482
229,['HN' 'LN'],281,50.0,3,GIRVAN-NEWMAN,None,None,None,None,4,4,241,40,22.7136929461,-0.133623905422,1.21916743081,10.2107144644,0.000188802328315,0.00596161659951,0.782653396657,0.373866308364,0.651982714794
230,['HN' 'LN'],281,10.0,4,GIRVAN-NEWMAN,None,None,None,None,7,6,227,54,5.96916299559,-0.339328852871,0.611984183882,12.755113643,0.000165341335689,0.0178926094697,0.865225408238,0.324742268041,0.72615658363
231,['HN' 'LN'],281,20.0,4,GIRVAN-NEWMAN,None,None,None,None,7,7,107,174,23.0186915888,-0.291767858071,1.53292925476,12.3741236161,0.000152280487701,0.0176320648499,0.886904636191,0.152634766808,0.939578037621
232,['HN' 'LN'],281,30.0,4,GIRVAN-NEWMAN,None,None,None,None,9,9,144,137,21.0902777778,-0.314816580949,0.923917534769,15.1542611335,0.000157274927683,-0.00243771564545,0.924801120171,0.10487804878,0.905617691917
233,['HN' 'LN'],281,40.0,4,GIRVAN-NEWMAN,None,None,None,None,6,6,204,77,21.9166666667,-0.183021900191,1.75868812551,8.77035467393,0.000157274927683,-0.0069648122404,0.851940944946,0.291700241741,0.793162175902
234,['HN' 'LN'],281,50.0,4,GIRVAN-NEWMAN,None,None,None,None,4,4,241,40,22.7136929461,-0.133623905422,1.21916743081,10.2107144644,0.000188802328315,0.00596161659951,0.782653396657,0.373866308364,0.651982714794
235,['HN' 'LN'],281,10.0,5,GIRVAN-NEWMAN,None,None,None,None,6,5,223,58,5.85201793722,-0.209569304948,0.563633116803,14.2711720584,0.000165341335689,0.014718288341,0.838270489886,0.32087628866,0.726080325369
236,['HN' 'LN'],281,20.0,5,GIRVAN-NEWMAN,None,None,None,None,6,6,103,178,23.4757281553,-0.256451614478,1.58287636611,10.7521911271,0.000152280487701,0.0171175371937,0.870873721128,0.152029073289,0.939679715302
237,['HN' 'LN'],281,30.0,5,GIRVAN-NEWMAN,None,None,None,None,9,9,144,137,21.0902777778,-0.314816580949,0.923917534769,15.1542611335,0.000157274927683,-0.00243771564545,0.924801120171,0.10487804878,0.905617691917
238,['HN' 'LN'],281,40.0,5,GIRVAN-NEWMAN,None,None,None,None,5,5,200,81,21.675,-0.151754684037,1.43360891022,10.1243653846,0.000157274927683,-0.00686424934792,0.826075152797,0.291297340854,0.793263853584
239,['HN' 'LN'],281,50.0,5,GIRVAN-NEWMAN,None,None,None,None,3,3,237,44,22.6202531646,-0.101889452085,1.48788816237,11.0341111902,0.000188802328315,0.00582638431987,0.710755202429,0.373530399731,0.652084392476
240,['HN' 'LN'],281,10.0,2,KMEANS,None,haversine,None,None,10,10,270,11,5.74814814815,0.122732210099,182.571399226,1.80717342649,0.0147339533126,0.53994513232,0.0,1.0,0.877376715811
241,['HN' 'LN'],281,20.0,2,KMEANS,None,haversine,None,None,9,9,131,150,24.3053435115,-0.0850734465392,12.443671535,2.14352426741,0.00831102648227,0.48431653668,0.208819290418,0.950938824955,0.977656329436
242,['HN' 'LN'],281,30.0,2,KMEANS,None,haversine,None,None,9,9,187,94,21.6096256684,0.0112955633976,21.2259848493,2.71823254986,0.0137041035934,0.529135990482,0.142208783149,0.979024390244,0.946797153025
243,['HN' 'LN'],281,40.0,2,KMEANS,None,haversine,None,None,10,10,227,54,21.5814977974,0.0794939380568,41.4287778527,2.35251113116,0.0137041035934,0.559071811807,0.132895417044,0.973811442385,0.93838332486
244,['HN' 'LN'],281,50.0,2,KMEANS,None,haversine,None,None,10,10,263,18,22.536121673,0.115773482056,124.645712453,1.98687478649,0.0147339533126,0.579420276086,0.179673643432,0.97413503527,0.932180986274
245,['HN' 'LN'],281,10.0,3,KMEANS,None,haversine,None,None,10,10,270,11,5.74814814815,0.122732210099,182.571399226,1.80717342649,0.0147339533126,0.53994513232,0.0,1.0,0.877376715811
246,['HN' 'LN'],281,20.0,3,KMEANS,None,haversine,None,None,8,7,127,154,25.0551181102,-0.0827516429534,13.2815612783,2.44624838914,0.00831102648227,0.483711026594,0.192857117746,0.950333131435,0.977630910015
247,['HN' 'LN'],281,30.0,3,KMEANS,None,haversine,None,None,9,9,187,94,21.6096256684,0.0112955633976,21.2259848493,2.71823254986,0.0137041035934,0.529135990482,0.142208783149,0.979024390244,0.946797153025
248,['HN' 'LN'],281,40.0,3,KMEANS,None,haversine,None,None,10,10,227,54,21.5814977974,0.0794939380568,41.4287778527,2.35251113116,0.0137041035934,0.559071811807,0.132895417044,0.973811442385,0.93838332486
249,['HN' 'LN'],281,50.0,3,KMEANS,None,haversine,None,None,10,10,263,18,22.536121673,0.115773482056,124.645712453,1.98687478649,0.0147339533126,0.579420276086,0.179673643432,0.97413503527,0.932180986274
250,['HN' 'LN'],281,10.0,4,KMEANS,None,haversine,None,None,10,10,270,11,5.74814814815,0.122732210099,182.571399226,1.80717342649,0.0147339533126,0.53994513232,0.0,1.0,0.877376715811
251,['HN' 'LN'],281,20.0,4,KMEANS,None,haversine,None,None,7,6,124,157,25.5967741935,-0.0718561156123,14.409912347,2.42217563682,0.00831102648227,0.481897798115,0.145703788495,0.948516050878,0.977554651754
252,['HN' 'LN'],281,30.0,4,KMEANS,None,haversine,None,None,8,8,184,97,21.9293478261,0.0124085172005,21.9591147375,2.69110701194,0.0137041035934,0.527674003569,0.159984881043,0.97756097561,0.946720894764
253,['HN' 'LN'],281,40.0,4,KMEANS,None,haversine,None,None,10,10,227,54,21.5814977974,0.0794939380568,41.4287778527,2.35251113116,0.0137041035934,0.559071811807,0.132895417044,0.973811442385,0.93838332486
254,['HN' 'LN'],281,50.0,4,KMEANS,None,haversine,None,None,10,10,263,18,22.536121673,0.115773482056,124.645712453,1.98687478649,0.0147339533126,0.579420276086,0.179673643432,0.97413503527,0.932180986274
255,['HN' 'LN'],281,10.0,5,KMEANS,None,haversine,None,None,10,10,270,11,5.74814814815,0.122732210099,182.571399226,1.80717342649,0.0147339533126,0.53994513232,0.0,1.0,0.877376715811
256,['HN' 'LN'],281,20.0,5,KMEANS,None,haversine,None,None,7,6,124,157,25.5967741935,-0.0718561156123,14.409912347,2.42217563682,0.00831102648227,0.481897798115,0.145703788495,0.948516050878,0.977554651754
257,['HN' 'LN'],281,30.0,5,KMEANS,None,haversine,None,None,8,7,180,101,22.4166666667,0.0157985691012,22.8290118785,2.70860194712,0.0137041035934,0.528161927424,0.1036878453,0.978048780488,0.946847991866
258,['HN' 'LN'],281,40.0,5,KMEANS,None,haversine,None,None,9,9,223,58,21.9506726457,0.0784410885776,36.9197334525,2.25003962179,0.0137041035934,0.558266497022,0.147661574494,0.973005640612,0.938434163701
259,['HN' 'LN'],281,50.0,5,KMEANS,None,haversine,None,None,10,10,263,18,22.536121673,0.115773482056,124.645712453,1.98687478649,0.0147339533126,0.579420276086,0.179673643432,0.97413503527,0.932180986274
